Make,Model,Trim
toyota,corolla,le
Chrysler,Sebring,LX
Saab,9-5,SportCombi
Nissan,Titan,PRO-4X
Chevrolet,Colorado,ZQ8
Maserati,Quattroporte,ExecutiveGTDuoSelect
Mercedes-Benz,300-Class,300SL
Volkswagen,Routan,S
chevrolet,1500,4x2extclassicls
Mazda,Mazda6,iSV
ford,f150,4x4crxlt
Ram,2500,ST
Toyota,Pickup,DXV6
land rover,discovery,seriesii
Mercedes-Benz,GL-Class,GL320CDI
Mitsubishi,OutlanderSport,ES
Ford,WindstarCargo,Base
GMC,Sierra2500HD,SLE1
Hyundai,Tiburon,GTLimited
Ford,E-350,XLTSuperClubWagon
Porsche,Panamera,Turbo
Mercedes-Benz,SLK-Class,SLK350
Ford,Focus,LXPremium
Toyota,Tacoma,Base
Buick,Enclave,PremiumGroup
Subaru,Impreza,WRXTR
Hyundai,Accent,SE
bmw,750i,750i
Mercedes-Benz,E-Class,E55AMG
Subaru,Outback,3.6RPremium
ford,taurus,lx
dodge,caravan,v6se
Lexus,GS400,Base
Infiniti,Q60Convertible,Sport
Mitsubishi,Raider,LS
Ford,F-150,Lariat
Ford,Explorer,Limited
Volkswagen,CC,SportPZEV
BMW,6Series,645Ci
Saturn,L300,3
Cadillac,Catera,Base
Chevrolet,C/K1500Series,Silverado
HUMMER,H3,Luxury
Hyundai,SantaFeSport,Sport
chevrolet,g1500,pass4x2
Toyota,RAV4,Sport
Ford,Focus,ZX5
Mercedes-Benz,GL-Class,GL550
Chevrolet,MalibuMaxx,LTZ
Oldsmobile,Cutlass,GL
Volkswagen,NewBeetle,GLS1.8T
porsche,911,awdcarrera4s
Hyundai,Elantra,GLS
Suzuki,GrandVitara,XSport
Acura,CL,2.2Premium
Mazda,Mazda3,iGrandTouring
Chevrolet,Silverado3500,LT
Toyota,4Runner,Trail
Mitsubishi,Montero,LS
gmc,2500,sierra4x4sle
volkswagen,beetle,4c1.8t
GMC,EnvoyXUV,SLT
Nissan,GT-R,BlackEdition
Mazda,MazdaspeedMazda3,Sport
Subaru,Outback,3.0RVDCLimited
Cadillac,CTS,Standard
Jaguar,XJ-Series,XJ6
dodge,ram,3500sport
Jaguar,XF,Supercharged
GMC,Sierra2500HD,Denali
nissan,x-trail,se
Kia,Rondo,EX
mazda,cx-7,sportfwd
BMW,3Series,335xi
Acura,RL,3.5SpecialEdition
GMC,Yukon,SLE2XFE
Chevrolet,Silverado2500,LT
Suzuki,Verona,S
Dodge,Durango,SXT
Chevrolet,Camaro,ZL1
Ford,Explorer,Sport
Subaru,Outback,2.5i
Chevrolet,Venture,LTEntertainer
Volvo,V70,R
Nissan,Frontier,XE
chevrolet,colorado,4x2rgworktruck
Mercedes-Benz,CLK-Class,CLK500
Audi,S5,3.0TPremiumPlusquattro
Lexus,ES330,Base
Infiniti,QX56,Base
Chrysler,Sebring,JX
Volkswagen,Passat,GLS1.8T4Motion
Nissan,Pathfinder,S
Subaru,ImprezaWRX,Premium
Lexus,LS460,L
GMC,Jimmy,DiamondEdition
Audi,Q5,TDIPremiumPlusquattro
Mazda,Mazda6,iTouringPlus
Ford,EconolineCargo,E-250
Mercedes-Benz,SL-Class,SL63AMG
Mazda,626,LX
Honda,Accord,Sport
Buick,Century,Limited
Mercury,Tracer,LS
Ford,F-150,LariatLimited
Honda,Odyssey,EX-Lw/RearEntertainment
Hyundai,ElantraTouring,GLS
Saturn,L300,2
Toyota,Pickup,Base
chevrolet,s10,4x2extls
Nissan,Frontier,XE-V6DessertRunner
Saab,9-3,Vector
Chevrolet,TrailBlazerEXT,LT
Ford,Edge,Sport
BMW,Z3,2.8
Hyundai,Entourage,Limited
Volkswagen,Touareg,VR6FSI
chevrolet,venture,fwdextls
Kia,Sorento,Limited
BMW,ActiveHybrid7,750i
BMW,4Series,435ixDrive
GMC,Sierra2500HD,WorkTruck
Subaru,Tribeca,Limited7-Passenger
Porsche,Cayenne,Tiptronic
Ford,Windstar,Base
Maserati,Quattroporte,GTS
Honda,Civic,Hybridw/Leather
Subaru,Impreza,WRXSTi
Chevrolet,Cavalier,Z24
toyota,tundra,4x2v6sr5
Hyundai,Azera,SE
Volkswagen,Jetta,SportWagenS
GMC,Sierra3500,SL1
Mazda,MX-5Miata,Cloth
GMC,Acadia,SLE-1
ford,expedition,4x4base
Saturn,L-Series,LS1
dodge,grand,caravv6se
Pontiac,Vibe,GT
Honda,CR-Z,Base
subaru,forester,l
Subaru,Legacy,2.5iLimited
Volkswagen,CC,LuxPlus
nissan,350z,perform
Lexus,LX450,Base
dodge,caravan,v6base
GMC,Canyon,SLE
Mercedes-Benz,S-Class,S420
Volkswagen,Routan,SE
Oldsmobile,Alero,GX
Mazda,CX-9,Touring
Chevrolet,Blazer,LT
GMC,Sierra1500,SL1
Volkswagen,Passat,S
Toyota,Avalon,XL
Land Rover,RangeRoverSport,SuperchargedLimitedEdition
Nissan,Frontier,Nismo
Dodge,Journey,Crew
Chevrolet,Silverado2500,HD
Nissan,Quest,SE
Chevrolet,Avalanche,1500LS
Chrysler,TownandCountry,EX
Audi,A6,3.2quattro
Cadillac,CTS,Performance
Buick,LaCrosse,PremiumIIIGroup
Pontiac,GrandPrix,Base
Mazda,Tribute,iGrandTouring
ford,explorer,awdxlt
Subaru,Impreza,WRXPremium
Mitsubishi,OutlanderSport,LE
Hyundai,Entourage,SE
BMW,X6M,Base
Ford,Expedition,XLTSport
Mazda,Mazdaspeed3,Touring
GMC,Yukon,SL
pontiac,g6,4c
Dodge,Journey,Limited
Chevrolet,HHR,PanelLT
ford,explorer,4x2v8edbauer
Jeep,GrandCherokee,Laredo
Cadillac,DTS,Platinum
Toyota,CamryHybrid,Base
Acura,Integra,SpecialEdition
Land Rover,DiscoverySeriesII,Base
Mazda,Protege,DX
chevrolet,impala,detective
Mercedes-Benz,Sprinter,2500144WBCrew
Volvo,V70,T5
Subaru,WRX,Base
Nissan,NVCargo,2500S
Infiniti,GSedan,G25x
Toyota,Camry,XLEV6
Nissan,Altima,GXE
cadillac,srx,4x2v6
GMC,Sierra1500HD,SLT
Audi,RS6,quattro
Land Rover,DiscoverySeriesII,SD
Cadillac,DTS,LuxuryIII
Cadillac,Eldorado,ETC
nissan,quest,gle
Buick,Regal,CXLTurbo
Land Rover,RangeRover,4.6Vitesse
Kia,Spectra,Spectra5SX
Nissan,Frontier,XEDesertRunner
Toyota,Prius,Base
Mercedes-Benz,M-Class,ML350
landrover,rangerover,sporthse
Lexus,SC430,Base
Mercury,Sable,Premier
Chevrolet,Silverado1500,Z71
Volkswagen,Cabrio,GLS
Buick,Regal,Base
Dodge,Charger,R/T
Mazda,626,ESV6
Subaru,Impreza,OutbackSport
Infiniti,FX,FX37
Ford,Escape,HEV
Infiniti,EX,EX35Journey
Dodge,Avenger,SE
Oldsmobile,Silhouette,Premiere
Volkswagen,Jetta,TDILoyalEdition
nissan,quest,xe
Acura,ILX,TechnologyPackage
Infiniti,G37,Journey
Chevrolet,Lumina,LS
jeep,wrangler,6cx
Chrysler,200,Limited
Volkswagen,NewBeetle,SPZEV
Volkswagen,Beetle,2.5LPZEV
Chevrolet,Blazer,Base
MINI,CooperCoupe,JohnCooperWorks
Suzuki,Esteem,GLXSport
Dodge,Journey,Express
Toyota,Sequoia,LimitedFFV
Volkswagen,Passat,SELPremiumPZEV
Suzuki,Kizashi,GTS
Audi,A3,2.0TDIPremiumPlus
Chevrolet,Blazer,TrailBlazer
Volvo,XC60,T5Premier
Suzuki,Verona,Luxury
Suzuki,Forenza,Premium
Audi,A4,3.0quattro
Hyundai,Tucson,SE
Ford,FusionEnergi,Titanium
Subaru,Forester,2.5XPZEV
Ford,TransitConnect,CargoVanXLT
Infiniti,M35,x
land rover,discovery,se7
chevrolet,1500,4x2regsilverls
Volkswagen,Touareg,V6
toyota,sienna,xle
Volkswagen,GTI,20thAnniversaryEdition
Jeep,Liberty,Renegade
Ford,TransitConnect,WagonTitaniumLWB
Mazda,MX-5Miata,Sport
Hyundai,Elantra,GT
Dodge,Durango,Heat
chevrolet,1500,sub4x4v8
chrysler,pacifica,awdv6touring
Land Rover,RangeRover,4.0SE
Toyota,Avalon,Touring
BMW,3Series,323Ci
Chevrolet,Camaro,1LT
Chevrolet,Corvette,Base
ford,expeditn,el4x2limited
Lexus,RX450h,Base
Ford,Escort,PremiumFleet
Audi,A3,2.0Tquattro
Nissan,350Z,NISMO
Audi,RS5,quattro
Jeep,Compass,Latitude
Chevrolet,Camaro,1SS
Chevrolet,Silverado2500HDClassic,LS
Suzuki,XL-7,EX
Mazda,MX-5Miata,GrandTouring
Acura,MDX,Base
GMC,Canyon,Z71SL
Infiniti,GCoupe,G37Sport
Honda,AccordCrosstour,EX-L
Volkswagen,Jetta,GLI
Mazda,CX-7,Sport
Dodge,Stratus,ES
BMW,3Series,330Ci
ford,f150,4x4crkingranch
Volkswagen,CC,VR6Lux
Chrysler,TownandCountry,FamilyValue
Jaguar,X-Type,3
Mercedes-Benz,S-Class,S5504MATIC
Chrysler,TownandCountry,Touring-L
Dodge,GrandCaravan,ES
dodge,stratus,4cse
BMW,3Series,328Ci
Nissan,Frontier,SVE-V6
Mercedes-Benz,CLA-Class,CLA45AMG
chevrolet,1500,sub4x2v8
Volvo,XC90,V8Sport
Mercury,Marauder,Base
Acura,MDX,AdvancePackage
GMC,Sierra3500,SLE
Hyundai,Genesis,3.8
Hyundai,Sonata,Limited
pontiac,g5,gt
Buick,Regal,Premium1
Mazda,RX-8,Touring
Mazda,CX-9,Sport
chevrolet,2500,slv4x2rg
cadillac,srx,4x2v6rwd
Volkswagen,Passat,2.0T
Honda,Element,EX
Chevrolet,Sonic,RS
jeep,patriot,4x44cnorth
Hyundai,Sonata,LX
Chevrolet,AstroCargo,Base
Pontiac,Solstice,GXP
jeep,compass,north
Chevrolet,S-10,LS
Nissan,Sentra,Base
Cadillac,EscaladeHybrid,Base
Mitsubishi,LancerEvolution,Base
Chrysler,300,CLuxurySeries
Honda,Fit,EX-L
Mercury,Montego,Base
Suzuki,GrandVitara,Limited
Acura,RSX,Base
Hyundai,Tucson,LX
Acura,CL,2.3
Volvo,V60,T5
Buick,Century,Base
Mazda,Mazda3,sSport
Cadillac,DTS,Base
Audi,A8,4.2quattro
Chevrolet,Silverado3500HD,WorkTruck
Kia,Soul,Base
Mercedes-Benz,GL-Class,GL63AMG
Porsche,Cayman,Base
Land Rover,RangeRover,Supercharged
Volkswagen,Beetle,2.5L
Land Rover,Discovery,SeriesII
ford,e250,econolinecargo
Chevrolet,Corvette,Hardtop
Mazda,B-SeriesPickup,B4000SE
nissan,350z,4x2
Hyundai,Sonata,GLS
Volkswagen,Routan,SEL
oldsmobile,silhouette,gl
Land Rover,LR3,V8HSE
Hyundai,Tiburon,GT
GMC,Sierra1500,Denali
Volkswagen,NewBeetle,2.5LRedRockEdition
Mercedes-Benz,C-Class,C350Sport
Saturn,Astra,XR
Nissan,Altima,2.5SV
Lincoln,Navigator,L
chrysler,twn&country,fwdlimited
Lincoln,MKZHybrid,Base
Audi,Q3,PremiumPlus
Lexus,RX350,Base
Ford,Escape,XLSValue
Buick,Lucerne,CX
Pontiac,Solstice,Base
Dodge,RamCargo,1500Maxi
Nissan,Rogue,SLSULEV
ford,ranger,4x2extxlt
chrysler,pacifica,awd
Lincoln,Navigator,Premium
dodge,dakota,4x2qdslt
BMW,7Series,745Li
GMC,Sierra2500HD,SLE2
Toyota,Matrix,Base
Audi,S5,Prestigequattro
Nissan,NVPassenger,3500SV
mazda,mazda3,i
Audi,A8,LW126.3quattro
Toyota,Sienna,LE7-PassengerMobilityAutoAccess
Volvo,XC90,3.2SpecialEdition
Lexus,SC400,Base
Land Rover,LR3,V8SE
Cadillac,ATS,Premium
ford,e350,extcargocommercial
Lincoln,MKZ,Hybrid
Audi,A7,PremiumPlusquattro
Ford,EconolineWagon,E-150XL
Toyota,Camry,XSE
Audi,A4,2.8Avantquattro
Suzuki,Esteem,GL
Nissan,Cube,1.8Krom
Ford,Explorer,EddieBauer
Chevrolet,Express,3500
Volkswagen,CC,Lux
Ford,EconolineCargo,E-350SuperDuty
ford,expedition,4x4edbauer
Toyota,Yaris,S
BMW,3Series,328dxDrive
Chevrolet,Venture,WarnerBrothers
Nissan,Quest,LE
Chevrolet,TrailBlazer,Fleet
Plymouth,Breeze,Base
Buick,LaCrosse,CXS
Audi,A4,3.2Avantquattro
Buick,Rendezvous,CXL
Mitsubishi,Galant,GTSV6
Chevrolet,Classic,Fleet
Chevrolet,Corvette,GrandSport
Infiniti,G37,Base
Isuzu,Ascender,LS
Subaru,XVCrosstrek,HybridTouring
Subaru,Outback,3.0RLimited
Ford,TransitWagon,350XLMediumRoof
Saturn,Aura,XE
Chevrolet,Silverado2500,LS
Chevrolet,Silverado1500,LS
Nissan,NVCargo,3500S
ford,explorer,4x2v6xlssport
Buick,LaCrosse,Base
Volkswagen,Jetta,SportWagenTDI
Audi,A3,2.0TPZEVPremium
Lexus,GX470,Base
Mercedes-Benz,C-Class,C230Sport
Kia,Optima,LX
Mitsubishi,Endeavor,XLS
Ford,MustangSVTCobra,Base
Mitsubishi,Eclipse,GS-Sport
Nissan,Frontier,Standard
Infiniti,GConvertible,G37
Nissan,Armada,SV
GMC,Acadia,SLE-2
nissan,quest,gxe
toyota,camry,4cle
Toyota,Sienna,XLE
Nissan,Pathfinder,SEOffRoad
Nissan,200SX,Base
Volkswagen,Jetta,Wolfsburg
Ford,F-150,FX2
Mercury,Cougar,V6
Subaru,Legacy,2.5ILimited
ford,expedition,xlt
Toyota,Tacoma,PreRunner
Volkswagen,JettaSportWagen,SPZEV
Honda,Civic,HF
Volkswagen,Jetta,LimitedEditionPZEV
Honda,Accord,TouringV-6
BMW,7Series,750ixDrive
Mercedes-Benz,GLA-Class,GLA2504MATIC
Nissan,GT-R,Premium
Volkswagen,Beetle,2.0TTurboPZEV
Volvo,C30,R-Design
jeep,gr,cher4x2v8limited
Ford,ExplorerSportTrac,Premium
Mercury,Sable,GS
Mercedes-Benz,CL-Class,CL55AMG
Honda,Prelude,Base
Pontiac,Firebird,Formula
Ford,F-450SuperDuty,XL
Hyundai,Sonata,GLSV6
Lexus,GS430,Base
Ford,F-350SuperDuty,Platinum
GMC,YukonHybrid,Denali
Chevrolet,ImpalaLimited,LTZFleet
Nissan,Sentra,2.0SL
Volvo,XC90,2.5T
Buick,Terraza,CXL
Saab,9-7X,Linear
Chevrolet,Uplander,LS
Hyundai,Sonata,LimitedPZEV
Kia,Sportage,SX
Audi,Q5,3.0TPremiumPlusquattro
Jeep,Wrangler,UnlimitedX
BMW,2Series,228i
toyota,tundra,4x4v8limited
Chrysler,300,SRT-8
Nissan,Quest,3.5SL
Toyota,Celica,ST
Subaru,Legacy,3.0RLimited
ford,f250,4x4extxlt
land rover,discovery,se
pontiac,grand,prixse
Ram,2500,SLT
BMW,5SeriesGranTurismo,535ixDrive
Nissan,Xterra,XEV6
Nissan,Altima,3.5SE-R
Suzuki,Verona,LX
Nissan,Pathfinder,(1999.5)XE
Mitsubishi,Raider,DuroCrossV6
Kia,Sorento,LX
Volkswagen,Tiguan,WolfsburgEdition4Motion
Toyota,CamrySolara,SportV6
Dodge,Dart,Limited
Suzuki,XL-7,Limited
Ford,F-150,Platinum
Jeep,Wrangler,UnlimitedSahara
Toyota,CamryHybrid,LE
BMW,5Series,540i
toyota,corolla,s
Audi,TT,250hpquattro
gmc truck,siera,254x4crsle
Pontiac,Bonneville,SE
Audi,A6,3
Mercedes-Benz,C-Class,C240Luxury
Chrysler,TownandCountry,Base
Dodge,Nitro,SXTFleet
Isuzu,Trooper,S
toyota,avalon,xl
Mazda,MazdaspeedMazda6,GrandTouring
Pontiac,G8,GT
Ford,Fusion,S
Hyundai,SantaFe,Sport2.0T
Oldsmobile,Intrigue,GL
toyota,tundra,4x2v8limited
ford,escape,4x4v6
GMC,Sierra1500,WorkTruck
Mazda,Tribute,s
Subaru,Legacy,3.6RLimited
Porsche,911,TurboS
BMW,X3,2.5i
Jeep,Cherokee,Classic
Kia,Rio,Cinco
Nissan,Maxima,3.5SL
Ford,Expedition,XLTValue
Mazda,MX-5Miata,LS
Mercedes-Benz,CLS-Class,CLS55AMG
Dodge,Nitro,Shock
Mitsubishi,MonteroSport,LS
Volkswagen,Beetle,Base
Volkswagen,Touareg,V6Executive
Toyota,CamrySolara,SE
Mercury,Sable,GSPlus
Ford,E-SeriesWagon,E-350SuperDutyXL
Volvo,XC60,T6R-Design
Honda,Accord,Hybrid
Mazda,MazdaspeedMazda3,GrandTouring
ford,f150,4x4exfx4
Honda,CR-V,EX-Lw/RearEntertainment
Mitsubishi,LancerEvolution,MRTouring
Lexus,GS350,Base
Honda,Accord,EXV6
Hyundai,GenesisCoupe,3.8Track
Mitsubishi,Lancer,GT
Chevrolet,Corvette,GS
Chevrolet,Suburban,2500LS
Infiniti,Q60Coupe,SportLimited
Cadillac,Escalade,Base
Audi,A6,3.0TPrestigequattro
Audi,SQ5,3.0TPremiumPlusquattro
Mercedes-Benz,E-Class,E3504MATIC
Mercedes-Benz,E-Class,E350Sport
Chevrolet,Silverado3500HD,LT
Hyundai,SantaFe,Base
Chevrolet,Tracker,ZR2
Audi,S7,Prestigequattro
Volkswagen,GTI,Autobahn
GMC,Canyon,Z71SLEBase
Hyundai,Tucson,GLSPZEV
Mercury,GrandMarquis,LSPremium
Hyundai,XG350,Base
Buick,LaCrosse,CXL
Jaguar,XK,Base
Volkswagen,EuroVan,GLS
FIAT,500,CLounge
Buick,Century,Standard
Infiniti,Q70,Base
Ford,Aspire,Base
Kia,Optima,EX
Volkswagen,Golf,GLS
Porsche,Cayenne,TurboS
Mitsubishi,Galant,LSV6
Infiniti,M,M37x
Audi,A6,2.0TPremiumPlusquattro
Cadillac,CTS-VWagon,Base
GMC,Savana,LS1500
Mazda,CX-7,sTouring
Kia,Soul,Sport
Acura,MDX,SH-AWDw/AdvanceandEntertainmentPackages
chevrolet,astro,2wdextls
porsche,911,carrera
Ford,Focus,Electric
ford,windstar,se
chrysler,pt,cruisertouring
Acura,TL,2.5
BMW,5Series,530xi
Chevrolet,Cruze,LTZ
Ford,F-150,Work
Dodge,Caravan,SXT
Ford,TaurusX,Limited
ford,e350,cutaway
Dodge,Nitro,SXT
Mercedes-Benz,500-Class,500SL
chevrolet,cobalt,ls
Pontiac,GrandAm,GT1
Volkswagen,Touareg,V6TDI
Mitsubishi,3000GT,Base
GMC,YukonXL,SLT21500
HUMMER,H3T,Base
Toyota,Yaris,LE
Audi,A8,Lquattro
GMC,Sierra3500HD,SLE
Buick,Regal,Custom
Audi,Q7,TDIPremiumquattro
Ford,ExplorerSport,Choice
toyota,tundra,4x2v8x-sp
Porsche,911,CarreraS(MidyearRedesign)
chevrolet,uplandr,fwdextls
GMC,YukonXL,SLT11500
Chevrolet,Silverado3500,LT1
Chevrolet,ImpalaLimited,LTFleet
Acura,RLX,AdvancePackage
Nissan,Versa,1.8SL
Ford,Windstar,SEL
vw,routan,sew/nav
Mazda,MX-5Miata,Club
Ford,Taurus,LX
Honda,Civic,VP
Cadillac,DTS,Luxury
Hyundai,ElantraCoupe,Base
Saturn,S-Series,SL1
Lincoln,MKT,Base
Audi,A4,3.0Avantquattro
BMW,6SeriesGranCoupe,650ixDrive
Ford,E-SeriesWagon,E-350SuperDutyXLT
Suzuki,Kizashi,SE
Mercedes-Benz,E-Class,E5504MATIC
Mercedes-Benz,C-Class,C220
Subaru,XVCrosstrek,Hybrid
smart,fortwo,electricdrivecoupe
Chevrolet,ExpressCargo,1500
jeep,wrangler,6cunlimited
Dodge,Stratus,R/T
Maserati,Spyder,GT
Mercedes-Benz,G-Class,G55AMG
smart,fortwo,pure
vw,beetle,glstdi
Nissan,Sentra,SL
Toyota,Corolla,LEEco
BMW,X5,xDrive35i
Chevrolet,ImpalaLimited,LSFleet
Kia,Rio,LX
jeep,wrangler,sport
Infiniti,Q60Coupe,Base
Toyota,Pickup,Deluxe
ford,e250,cargov8recreation
Subaru,ImprezaWRX,STILimited
Dodge,Caliber,SE
Nissan,300ZX,GS
Mazda,Mazda2,Sport
gmc,subrbn,25004x4
ford,e150,cargov8recreation
Ford,F-250SuperDuty,XL
FIAT,500,Lounge
land rover,lr3,v6se
Lincoln,Aviator,Ultimate
buick,lacrosse,fwdv6cx
Volvo,S40,T5
Kia,Sorento,Base
Infiniti,QX4,Base(1999.5)
Mitsubishi,Mirage,ES
Ford,Flex,SEL
toyota,yaris,base
Dodge,Dakota,Laramie
Chevrolet,Colorado,Z71
Lamborghini,Gallardo,Spyder
Toyota,RAV4,LE
Lexus,LX470,Base
Chevrolet,BlackDiamondAvalanche,LTZ
GMC,Sierra2500,HDSLT
Volkswagen,CC,LuxuryPZEV
Hyundai,Accent,GL
Buick,Century,Custom
Nissan,Leaf,SV
ford,freestyle,awdlimited
Infiniti,M37,Base
Maserati,Ghibli,SQ4
Nissan,NV,2500SV
gmc truck,sr,1500awdcrdenali
Toyota,Avalon,XLETouring
GMC,Sierra2500HDClassic,SLE1
Ford,C-MaxEnergi,SEL
mazda,b2300,base
Porsche,Panamera,SHybrid
Maserati,Quattroporte,Base
BMW,5Series,535i
Mercedes-Benz,E-Class,E320
Volkswagen,Passat,Base
Infiniti,QX80,Base
Mercedes-Benz,S-Class,S320SWB
mazda,mpv,es
Ford,ExpeditionEL,XLT
cadillac,sts,v8
Volkswagen,Touareg,VR6Sport
Hyundai,GenesisCoupe,3.8GrandTouring
Mazda,6,sTouringPlus
Chevrolet,Prizm,Base
Mercedes-Benz,C-Class,C300Luxury
Acura,CL,3.2
Volkswagen,Jetta,GLS1.8T
Honda,Civic,Si
Honda,Crosstour,EX-L
Acura,TL,2.5Premium
chrysler,crossfire,limited
Ford,Contour,GL
Mazda,3,iSport
lincoln,mkt,awdv6
Mercedes-Benz,Sprinter,2500144WBPassenger
Mitsubishi,Eclipse,GTS
oldsmobile,silhouette,ext
Jaguar,XK-Series,XK
Geo,Prizm,Base
Chevrolet,MalibuMaxx,LS
Saab,9-3,Base
BMW,4Series,435i
Mitsubishi,Galant,LS
HUMMER,H3T,Alpha
Mitsubishi,EclipseSpyder,GS
GMC,Acadia,SLT-1
Mercury,Mariner,Convenience
Acura,MDX,SH-AWDw/TechnologyandEntertainmentPackages
Ford,Escape,XLSChoice
Infiniti,Q50,Sport
Ford,Excursion,XLT
Ford,Focus,S
Toyota,T100,DX
Maserati,GranTurismo,S
Pontiac,Torrent,GXP
Jaguar,XF,Portfolio
Infiniti,G37,Sport
Subaru,Impreza,2.5iPremium
Isuzu,RodeoSport,SV6
Nissan,Sentra,SE
Jeep,Liberty,Limited
Suzuki,XL7,Luxury
Porsche,Panamera,TurboS
Mercedes-Benz,E-Class,E350BlueTEC
ford,f350,4x4crsrwxlt
Ferrari,360,Spider
Toyota,Avalon,Base
Toyota,4Runner,SR5V6
Mercedes-Benz,C-Class,C3204MATIC
Suzuki,GrandVitara,UltimateAdventure
Subaru,Outback,2.5ILimited
Volkswagen,Passat,VR6
Cadillac,EscaladeEXT,Base
Oldsmobile,Intrigue,GX
Ford,ExplorerSportTrac,Base
Dodge,Journey,Lux
land rover,rrs,hsehse
Audi,TT,Base
MINI,CooperPaceman,JohnCooperWorksALL4
Oldsmobile,Alero,GL
Mitsubishi,Eclipse,RS
Honda,Accord,EX
Jaguar,XJ,XJLPortfolio
Volkswagen,Jetta,2.0T
Mercedes-Benz,S-Class,S65AMG
Subaru,Legacy,L
Lincoln,TownCar,PremiumCartier
Infiniti,Q60Coupe,Sport
Chevrolet,Silverado2500HD,Base
Chevrolet,Impala,Base
chevrolet,g1500,cargo4x2upfitter
mercury,villager,sport
Jeep,GrandCherokee,SRT
BMW,4Series,428ixDriveSULEV
Chevrolet,Cobalt,XFE
Chevrolet,Suburban,1500LTZ
Porsche,Macan,Turbo
Audi,A4,2.8quattro
Mercedes-Benz,G-Class,G63AMG
honda,accord,ex
Volvo,S60,2.5T
Nissan,Pathfinder,LEV8
Subaru,Outback,L.L.BeanEdition
Mercedes-Benz,E-Class,E350SportBlueTEC
chevrolet,1500,sub4x2v8ls
Nissan,Quest,GLE
Mercedes-Benz,S-Class,S320LWB
Bentley,ContinentalGT,Base
Ford,F-150,SVTRaptor
Jaguar,S-Type,4.2
BMW,1Series,135i
Ford,Mustang,EcoBoost
Toyota,4Runner,Base
Subaru,Legacy,2.5iPremiumPZEV
Toyota,Camry,LE
Chevrolet,Prizm,LSi
chrysler,300,4x2v8csrt8
Audi,A6,2.0TPremiumPlus
Cadillac,XTS,VsportPremium
landrover,range,roversporthse
Mercury,Monterey,Convenience
jeep,gr,cher4x4v8limited
ford,excurs,4x4v8limited
Chevrolet,Aveo,Aveo51LT
Mercury,MilanHybrid,Base
Dodge,Magnum,SRT-8
Mercury,GrandMarquis,LSE
Chevrolet,Suburban,LTZ1500
Porsche,Cayenne,Diesel
Cadillac,EscaladeEXT,Premium
Jaguar,XJ-Series,VandenPlas
Chevrolet,Silverado2500HD,LT3
Volkswagen,Beetle,Turbo
Ford,Fiesta,SEL
Jeep,GrandCherokee,SRT-8
Mazda,Mazdaspeed3,GrandTouring
Ford,Contour,LX
Audi,A8,3.0Tquattro
Jeep,Patriot,LatitudeX
Ford,Escape,XLS
Mazda,6,i
chevrolet,1500,4x4regsilverado
Nissan,Sentra,Limited(1994.5)
Infiniti,FX,FX35
Ford,Focus,ZX4SES
Ford,Contour,SESport
Audi,Q5,2.0TPrestigequattro
mazda,tribute,4wds
Ford,Windstar,Limited
Chevrolet,Silverado2500HD,WorkTruck
Volkswagen,Jetta,GLSVR6
Mercedes-Benz,C-Class,C320
Mazda,Mazda6,iSportValueEdition
jeep,patriot,4x44climited
Volkswagen,Touareg,V8
Suzuki,SX4,SportBackTechnology
Honda,S2000,Base
Suzuki,Verona,EX
Ford,FiveHundred,SE
Pontiac,GrandAm,SE
Volkswagen,NewBeetle,S
Mitsubishi,Raider,DuroCrossV8
Acura,CL,3
chevrolet,g2500,cargo
Nissan,Truck,XE
Mercedes-Benz,E-Class,E350
GMC,Sonoma,SLSSport
Dodge,RamPickup1500,SS/T
Saab,9-5,SE
HUMMER,H3,Base
GMC,Canyon,SLE-1
Chevrolet,Silverado1500,LT
dodge,ram,15004x4v8slt
Nissan,VersaNote,1.6SV
Mercedes-Benz,C-Class,C350
Volkswagen,NewBeetle,GLSTDI
jeep,wrangler,6crubicon
GMC,Sonoma,SL
Honda,Prelude,TypeSH
Ford,Mustang,Premium
Toyota,Priusv,Three
Chevrolet,MonteCarlo,SS
Volkswagen,Passat,GLXV6
Mercedes-Benz,C-Class,C280
Honda,CR-V,SE
Buick,Enclave,CXL1
chevrolet,colorado,4x2exltw/1lt
porsche,911,4x26ccarreras
Chevrolet,TrailBlazer,LTZ
Toyota,Tercel,DX
BMW,Z4,sDrive28i
Land Rover,RangeRoverSport,Autobiography
chrysler,town,&counfwdlx
Honda,Element,SC
Toyota,Prius,III
Pontiac,Bonneville,GXP
Volkswagen,Passat,WolfsburgEdition
Chevrolet,Equinox,LTZ
Chrysler,Voyager,LX
Suzuki,SX4,SportGTS
Toyota,Sienna,Limited7-Passenger
Jaguar,F-TYPE,V8S
dodge,ram3500,4x4mgslt
ford,explorer,4x2v6xls
GMC,Savana,LS3500
Subaru,Outback,2.5XTLimited
Acura,Legend,LS
Subaru,Forester,2.5XLimitedPZEV
Chevrolet,Aveo,LS
Ford,Fusion,SEL
Ford,Escort,LX
Nissan,Altima,3.5SL
ford,e250,cargocommercial
Lexus,IS300,SportCross
Suzuki,SX4,Base
Mazda,CX-7,iSV
Subaru,Impreza,WRXLimited
Volkswagen,Golf,GL
Saturn,Outlook,XE
Ford,Ranger,XL
Ford,Mustang,Base
dodge,caravan,cargo
Hyundai,GenesisCoupe,2.0TR-Spec
Nissan,Altima,SELimited
Pontiac,GrandPrix,GT1
Chrysler,200,C
Ford,Escape,XLSSport
BMW,7Series,750LixDrive
nissan,quest,se
Pontiac,GrandPrix,SE
Buick,LaCrosse,TouringGroup
gmc,sr,15004x4crslt
Mercedes-Benz,S-Class,S550
Volkswagen,NewBeetle,Sport
Infiniti,EX35,Base
Hyundai,Tucson,GL
MINI,CooperCountryman,Base
Honda,Fit,Sport
Ram,PromasterCargoVan,1500HighRoof
Ford,F-150SVTLightning,Base
Mercury,Villager,Base
Suzuki,SX4,LE
Ram,1500,ST
Mazda,Tribute,iSport
Dodge,Sprinter,2500HighRoof140WB
Hyundai,GenesisCoupe,3.8Ultimate
Mercedes-Benz,C-Class,C63AMG
GMC,EnvoyXL,SLT
Plymouth,Neon,Expresso
honda,pilot,awdlx
Dodge,SprinterCargo,2500140WB
Ford,F-350SuperDuty,FX4
Mercedes-Benz,SL-Class,SL500
Kia,Spectra,Spectra5
Mercedes-Benz,S-Class,S4304MATIC
ford,explorer,4x2xlt
Mercedes-Benz,C-Class,C300
Jeep,Patriot,HighAltitudeEdition
Saab,9-5,Turbo4Premium
Acura,MDX,TechnologyPackage
Volkswagen,Passat,V6SE
Mitsubishi,LancerEvolution,IX
Oldsmobile,Eighty-Eight,Base
Mitsubishi,Galant,RalliartV6
Maserati,Quattroporte,SQ4
BMW,X5,sDrive35i
Toyota,Tundra,TundraGrade
ford,taurus,sesvg
nissan,pathfind,4x4se
Dodge,GrandCaravan,eX
Nissan,Maxima,3.5S
Lexus,LX570,Base
Mazda,Mazda3,iSport
Chevrolet,Avalanche,LTZ
Mercedes-Benz,SLK-Class,SLK55AMG
Chevrolet,Silverado3500Classic,LT1
Volkswagen,GLI,Autobahn
Kia,Cadenza,Premium
Scion,tC,Spec
MINI,Cooper,Base
nissan,350z,anniversar
Mercedes-Benz,E-Class,E550
Suzuki,XL7,Base
Toyota,Corolla,L
Isuzu,Ascender,S7Passenger
Infiniti,Q50,Premium
Ford,Mustang,Bullitt
Mercedes-Benz,SLK-Class,SLK230
bmw,750lxi,750lixdr
Mercury,Mariner,V6
GMC,Jimmy,SLT
Cadillac,Seville,STS
Cadillac,XTS,Luxury
Acura,RL,3.5Premium
Acura,TL,TechnologyPackage
chevrolet,capt,sptlt
smart,fortwo,BRABUScabriolet
Volkswagen,GolfGTI,Autobahn
Ford,ExplorerSport,Base
Buick,Enclave,ConvenienceGroup
Subaru,Legacy,GT
BMW,6Series,640i
MINI,Cooper,S
Chrysler,TownandCountry,S
Jeep,Wrangler,UnlimitedSportRHD
Hyundai,Genesis,5
Ford,TransitConnect,CargoVanXLLWB
GMC,Sierra1500,SL
Infiniti,Q50,HybridPremium
Mitsubishi,Galant,ES
Chevrolet,Colorado,Z85
Mitsubishi,OutlanderSport,SE
Jeep,Liberty,LimitedJet
Chevrolet,Impala,LSFleet
Chevrolet,Express,LS3500
land rover,range,roversporthse
Oldsmobile,Alero,GL1
Ford,Freestar,SES
Toyota,Sienna,XLE8-Passenger
Lincoln,LS,V8
Lexus,GS460,Base
Chevrolet,MonteCarlo,Z34
Jeep,Commander,Sport
Jeep,GrandCherokee,Overland
GMC,Yukon,Fleet
Ford,F-150,XLT
Honda,Civic,EXSpecialEdition
dodge,grand,caravanle
Nissan,AltimaHybrid,Base
Volkswagen,Passat,Turbo
Audi,A7,Prestigequattro
Ram,3500,SLT
Audi,S6,Avantquattro
Chevrolet,Camaro,SS
Toyota,RAV4,XLE
Chevrolet,Corvette,ZR1
hyundai,tucson,awdgl
Suzuki,Forenza,Base
chrysler,town,&counfwd
Suzuki,Esteem,GLX
mazda,mazda3,ssptssport
Porsche,Panamera,SE-Hybrid
Honda,Civic,Base
Suzuki,SX4,LEPopularPackage
Audi,S6,quattro
Chevrolet,Sonic,LTZ
volkswagen,jetta,4ccomfort
Ford,FusionEnergi,SELuxury
MINI,CooperCountryman,JohnCooperWorksALL4
Acura,RDX,Base
Acura,ZDX,AdvancePackage
Honda,AccordHybrid,Touring
Ford,ExplorerSportTrac,Value
Audi,A3,1.8TFSIPremium
Ford,F-350SuperDuty,XLT
Volvo,XC90,T6
ford,windstar,fwdlx
BMW,X5,3.0si
Buick,LeSabre,Limited
Saab,9-7X,5.3i
Ford,Focus,SEComfort
Jaguar,XJ-Series,XJ8L
Mitsubishi,Galant,SE
Volkswagen,Passat,GLXV64Motion
Volkswagen,NewBeetle,2.5LBlushEdition
Ram,3500,LaramieLonghornEdition
Jaguar,XJ-Series,XJ6VandenPlas
Mercedes-Benz,E-Class,E63AMG4MATIC
Ford,E-250,Econoline
Toyota,Venza,Base
BMW,4SeriesGranCoupe,428ixDrive
jeep,wrangler,4x46csahara
Subaru,Impreza,2.5TS
Buick,Regal,PremiumI
Mercedes-Benz,CLK-Class,CLK55AMG
Ford,Freestar,Cargo
Mercedes-Benz,CLS-Class,CLS63AMG
chevrolet,1500,4x4regsilverls
Oldsmobile,Intrigue,Base
Nissan,Altima,XE(1997.5)
Kia,Sephia,Base
toyota,sienna,ce
porsche,911,cabcarrera2
Volkswagen,JettaGLI,Base
Ferrari,California,Base
Acura,TSXSportWagon,TechnologyPackage
Subaru,Forester,Sports2.5X
Chrysler,Voyager,Base
Nissan,Titan,S
Audi,A3,2.0TDIPremium
Acura,RLX,TechnologyPackage
Buick,Encore,Convenience
Honda,AccordHybrid,EX-L
mitsubishi,lancer,es
GMC,SafariCargo,Base
Chevrolet,Suburban,LT1500
mercury,cougar,xr-7
Lincoln,MKC,Base
Mercedes-Benz,CLK-Class,CLK320
ford,police,base
Ford,Excursion,EddieBauer
Dodge,GrandCaravan,R/T
Ford,F-150,Limited
Pontiac,MontanaSV6,Base
Hyundai,ElantraCoupe,GSPZEV
BMW,5SeriesGranTurismo,535i
Dodge,GrandCaravan,SE
Chevrolet,CaptivaSport,1LTFleet
Toyota,Sienna,SE8-Passenger
jeep,compass,sport
Chevrolet,Equinox,LT1
Dodge,Caravan,SE
BMW,3Series,320i
mazda,mazda6,itouring
Ford,Expedition,XLTPopular
Nissan,Versa,1.6S
Dodge,Charger,Fleet
Ram,3500,ST
ford,f350,4x2crewxlt
Infiniti,G37Convertible,Base
Volvo,XC70,Base
Chevrolet,Cavalier,Base
Toyota,Celica,GT
Toyota,Corolla,S
Cadillac,SRX,V6
mercury,grand,marquislspremium
Volkswagen,NewBeetle,2.5L
Dodge,Avenger,Mainstreet
landrover,lr3,v8se
volkswagen,passat,fwd4cgls
Volkswagen,Passat,SEPZEV
Mercedes-Benz,CL-Class,CL500
Nissan,Juke,NISMO
Ford,Flex,Titanium
Volkswagen,Jetta,GLI1.8T
Saab,9-3,Comfort
Mercury,Montego,Premier
Ford,F-250SuperDuty,Platinum
Ford,F-150,Base
Buick,LeSabre,Custom
Pontiac,GrandAm,SEFleet
Volkswagen,Jetta,BasePZEV
plymouth,voyager,fwd4c
Lincoln,LS,LSE
Acura,TL,SH-AWDw/TechnologyPackage
mercury,grand,marquisgsconven
Mitsubishi,MonteroSport,Limited
GMC,YukonXL,SLE1500
Ford,Ranger,EdgePlus
Lincoln,LS,V6
BMW,7Series,745i
Honda,Civic,LX
Dodge,Charger,SXT
Mercedes-Benz,420-Class,420SEL
Infiniti,Q45,Premium
Audi,A8,4.0Tquattro
Ford,Mustang,GT
GMC,Envoy,SLE
Toyota,CamrySolara,SLE
Cadillac,CTSCoupe,Performance
Subaru,Forester,2.5XPremium
Volkswagen,JettaHybrid,Base
Volkswagen,BeetleConvertible,2.5L
Buick,Verano,ConvenienceGroup2
Infiniti,GCoupe,G37x
Acura,RSX,Type-S
ford,expeditn,el4x2edbauer
Cadillac,Escalade,Premium
Hyundai,Elantra,GTSULEV
Chevrolet,Camaro,LS
Suzuki,Reno,Base
Honda,Civic,GX
Suzuki,Reno,LX
Chrysler,300,C
Volkswagen,Passat,3.6
BMW,3Series,325xi
Volkswagen,Beetle,2.0TTurbo
Chevrolet,Corvette,427
Cadillac,CTS,Luxury
Buick,Enclave,CX
Chevrolet,Malibu,LT
Subaru,Outback,2.5iPremium
Toyota,CamrySolara,SLEV6
Subaru,WRX,Premium
Chevrolet,Silverado2500HD,LT
Chevrolet,Silverado3500,Base
Buick,Enclave,LeatherGroup
Subaru,Impreza,OutbackSportSpecialEdition
Mitsubishi,Outlander,XLS
Chevrolet,ExpressCargo,3500
Kia,Spectra,LX
MINI,CooperClubman,S
Infiniti,QX60,Hybrid
Chrysler,Sebring,Limited
BMW,ActiveHybridX6,Base
Toyota,Priusv,Five
Pontiac,Bonneville,SSE
Chrysler,TownandCountry,LimitedFleet
Audi,R8,quattro
Acura,RL,TechnologyPackage
Ford,Thunderbird,LX
Cadillac,DTS,LuxuryII
ford truck,explorer,xlt
Chevrolet,HHR,LT
Infiniti,G35,Journey
Dodge,Avenger,SXT
Hyundai,Veloster,Base
chevrolet,1500,4x2extbase
Nissan,NV200,SV
Volkswagen,Passat,GL
mazda,mpv,base
Audi,Q7,TDIPremiumPlusquattro
hyundai,santa,fefwdv6gl
Mercury,Cougar,Base
Chevrolet,MalibuMaxx,SS
honda,civic,dx-g
FIAT,500e,Base
Honda,Insight,EX
Mercedes-Benz,SLK-Class,SLK250
Nissan,Truck,Base
Toyota,Matrix,L
Nissan,Pathfinder,Platinum
Buick,ParkAvenue,Ultra
Cadillac,SRX,Base
Ford,Taurus,Limited
Lincoln,MarkLT,Base
Chevrolet,Malibu,LS
GMC,Terrain,SLT-1
Ford,FusionHybrid,SE
Nissan,Titan,SL
ford,windstar,sel
Maserati,GranTurismoConvertible,Sport
Rolls-Royce,Ghost,Base
Suzuki,Vitara,LX
Volkswagen,CC,LuxLimitedPZEV
Subaru,BRZ,Premium
Jeep,Cherokee,Latitude
Cadillac,EscaladeESV,Premium
Volkswagen,NewBeetle,BlackTieEdition
Bentley,ContinentalFlyingSpurSpeed,Base
Land Rover,LR3,V8
Ford,Escort,SE
Chevrolet,Impala,LS
Buick,Verano,LeatherGroup
Jaguar,XF,Luxury
Subaru,Legacy,L35thAnniversaryEdition
Ford,Expedition,KingRanch
Chevrolet,Cobalt,LT
Buick,Regal,GranSport
dodge,intrepid,se
Toyota,Sequoia,PlatinumFFV
Subaru,Impreza,Outback
Mazda,Mazda3,iTouring
Suzuki,GrandVitara,JLX
Porsche,Panamera,4
dodge,charger,4x2v6
Chevrolet,Volt,Base
Mercedes-Benz,E-Class,E420
Chevrolet,C/K3500Series,LS
Chrysler,Concorde,Limited
gmc truck,sr,15004x2crsle
Bentley,ContinentalGTCSpeed,Base
Mercury,Cougar,I4
Nissan,Rogue,SSULEV
Daewoo,Nubira,SE
BMW,ActiveHybrid7,740Li
Chevrolet,S-10Blazer,Base
Volkswagen,Jetta,TDICupEdition
Audi,TT,225hpquattro
Saab,9-5,Base
Audi,A7,Premiumquattro
Hyundai,Tiburon,GS
Lexus,IS350,Base
Honda,Civic,DX-VP
Maserati,Coupe,Cambiocorsa
Suzuki,Vitara,JLX
Hyundai,SantaFe,LX
Dodge,Dakota,Sport
Porsche,911,CarreraBlackEdition
Ford,TransitVan,150LowRoof
Jeep,GrandCherokeeSRT,Base
Chevrolet,Silverado1500,HighCountry
Mazda,B-Series,B3000SE
ford,f150,4x4exxlt
Mercedes-Benz,E-Class,E550Sport4MATIC
Toyota,CamrySolara,SEV6
Suzuki,XL7,Premium
Dodge,Caliber,Mainstreet
Ford,FusionHybrid,Base
Cadillac,DTS,Performance
gmc,sonoma,4x2
Chevrolet,Colorado,LT
Infiniti,QX50,Journey
Nissan,Maxima,GXE
Buick,LaCrosse,LeatherGroup
Jeep,Cherokee,Laredo
GMC,Sierra1500Hybrid,Base
Volkswagen,Eos,3.2L
nissan,quest,base
Dodge,Charger,RT
Honda,Civic,HybridPZEVw/LeatherandNavigation
Volkswagen,Jetta,SE
Mazda,MX-5Miata,Touring
Suzuki,Forenza,S
Subaru,Forester,2.5XTTouring
Subaru,Forester,2.5iPremiumPZEV
Mercedes-Benz,GL-Class,GL350BlueTEC4MATIC
Toyota,Venza,XLE
Suzuki,SX4,SportSE
Chevrolet,Venture,Value
Mazda,6,iSport
Volkswagen,Passat,SPZEV
Subaru,Legacy,2.5I
Nissan,350Z,Touring
Chevrolet,Tahoe,LT2XFE
ford,f150,4x2extxlt
bmw,750li,xdr750lixdr
honda,ridgelin,4x4crrt
Chevrolet,Blazer,LS
Maserati,Quattroporte,SportGT
Toyota,Corolla,VE
Toyota,Matrix,S
Mercury,Mountaineer,Premier
ford,expeditn,el4x4xlt
Chrysler,300,S
Ferrari,F430,SpiderF1
Mercedes-Benz,E-Class,E400SportHybrid
Pontiac,Montana,Value
Nissan,370Z,Touring
bmw,750li,750li
Nissan,Rogue,SL
Audi,A6,TDIPrestigequattro
Toyota,HighlanderHybrid,Base
Ram,3500,Tradesman
Subaru,Forester,2.5iPZEV
Ford,Mustang,GTPremium
Toyota,Sequoia,SR5FFV
Infiniti,QX4,Base
FIAT,500,Pop
Chevrolet,Silverado1500,XFE
Saturn,S-Series,SW1
Pontiac,Aztek,Base
Jeep,Compass,AltitudeEdition
Mercedes-Benz,E-Class,E63AMG4MATICS-Model
Volkswagen,NewBeetle,SE
Mercedes-Benz,M-Class,ML320BlueTEC
Pontiac,GrandPrix,GT
Ford,Escape,XLTChoice
Volkswagen,Eos,LuxSULEV
ford,ranger,4x2v6xl
Mercedes-Benz,M-Class,ML350BlueTEC4MATIC
Volkswagen,JettaGLI,Autobahn
Land Rover,RangeRover,4.6SE
Land Rover,LR2,SE
Audi,A6,3.0TPremiumPlusquattro
Mitsubishi,Endeavor,LS
GMC,Sierra1500Classic,SLT
Subaru,BRZ,Limited
Land Rover,RangeRover,Base
Chevrolet,C/K1500Series,454SS
Infiniti,M56,x
Infiniti,G35,Base
Nissan,NV,3500S
BMW,M5,Base
Maserati,GranTurismo,SAutomatic
Ford,TransitConnect,CargoVanXLTLWB
Ford,CrownVictoria,LXFleet
nissan,350z,enthusiast
GMC,Sierra2500HDClassic,SLT
Chrysler,Voyager,LXValue
BMW,4SeriesGranCoupe,428i
Mazda,CX-5,GrandTouring
Ford,Taurus,SELPremium
Isuzu,Ascender,S
Volkswagen,Jetta,GLPZEV
Chevrolet,Equinox,LT
Honda,Element,LX
Chevrolet,CorvetteStingray,Base
Volkswagen,Passat,SELPremium
GMC,Sierra2500,Base
Hyundai,SantaFe,GLS
Ford,Expedition,EddieBauer
Kia,Spectra,Base
Volkswagen,R32,Base
Chevrolet,TahoeLimited/Z71,Z71
Mazda,MazdaspeedMazda6,Sport
Ford,Focus,ZX4ST
Mercedes-Benz,G-Class,G550
Ford,F-150,STX
Chrysler,200,Touring
Ford,Contour,SE
jeep,wrangler,4cse
GMC,Terrain,SLE-1
Ford,F-250SuperDuty,KingRanch
Kia,Optima,LXHybrid
Mazda,3,sGrandTouring
Toyota,Corolla,LEPlus
Mitsubishi,Galant,ESV6
honda,odyssey,ex
Mitsubishi,MonteroSport,XLS
Chevrolet,Cobalt,LTZ
Nissan,Altima,XE
mazda,cx-7,touring
Chevrolet,Silverado1500HD,LT2
Mercury,Mystique,LS
Volkswagen,Cabrio,GLS(1999.5)
Saturn,Aura,XR
Honda,Accord,25thAnniversary
Nissan,Frontier,SL
Saab,9-3,SE
chevrolet,hhr,lt
Ford,Ranger,EDGE
ford,f150,xlt4x4xltsc
Oldsmobile,Eighty-Eight,LS
Chrysler,Aspen,LimitedHEV
Honda,Accord,EXV-6
smart,fortwo,passioncoupe
ford,e150,wagonv8
Mercedes-Benz,CL-Class,CL65AMG
BMW,Z3,2.3
Dodge,Avenger,R/T
Nissan,Frontier,SV
Acura,MDX,SH-AWDw/TechnologyPackage
Ford,Expedition,Limited
Honda,Accord,LX
Nissan,Juke,S
Dodge,Nitro,Detonator
Dodge,Journey,SE
land rover,lr3,v8
Mercury,Villager,Sport
Buick,LaCrosse,Super
Cadillac,Seville,Base
Mitsubishi,LancerEvolution,VIII
Volkswagen,Passat,W84Motion
Saab,9-5,2.3t
Honda,Element,DX
Saturn,ION,1
Buick,Regal,LS
Subaru,Forester,2.5X
Mazda,Mazda3,iSV
Kia,Rio,Rio5LX
Infiniti,GSedan,G37Journey
Dodge,Nitro,SE
Ford,Mustang,Boss302
Chevrolet,Silverado2500,HDLS
Dodge,RamPickup2500,Laramie
Mitsubishi,Montero,Base
Dodge,GrandCaravan,C/V
Isuzu,Ascender,LS7Passenger
GMC,Jimmy,SLS
Toyota,Sienna,XLELimited7-Passenger
Dodge,Durango,Sport
Cadillac,CTSWagon,Premium
Chevrolet,Traverse,LT
Hyundai,Sonata,SEV6
Toyota,Tundra,SRFFV
Porsche,Boxster,Base
Chevrolet,Silverado2500HD,LT2
Ford,TransitVan,250MediumRoof
Mazda,RX-8,Sport
Chevrolet,ExpressCargo,G3500
Volvo,XC90,V8
chevrolet,tahoe,4x2v8lt
Cadillac,Eldorado,Touring
Volvo,S60,2.5TSE
FIAT,500,Abarth
BMW,7Series,760Li
Toyota,Tundra,TundraFFV
BMW,5Series,525xi
Ford,Escape,Titanium
Toyota,Yaris,Fleet
Maserati,Quattroporte,SportGTSAutomatic
land rover,range,rover4.2ls/c
Mercedes-Benz,R-Class,R3504MATIC
Lincoln,TownCar,Executive
GMC,Sierra1500,Base
Ford,Mustang,GTDeluxe
MINI,CooperRoadster,Base
Subaru,XVCrosstrek,Limited
BMW,Z3,3.0i
chevrolet,s10,4x2regbase
Volkswagen,Rabbit,PZEV
Infiniti,Q60Convertible,IPL
Volkswagen,Cabrio,GL(1999.5)
Volkswagen,Touareg,TDILux
Lincoln,NavigatorL,Base
Dodge,Challenger,SXT
Honda,Odyssey,LX
Toyota,4Runner,SR5
Chevrolet,CorvetteStingray,Z51
Toyota,Sienna,Base7-Passenger
Chevrolet,S-10,Base
Volkswagen,Beetle,2.0TWhiteTurboLaunchEdition
GMC,Acadia,SL
GMC,Sierra3500,Base
Mercedes-Benz,S-Class,S350
Ford,F-150,60thAnniversary
Saab,9-3,Aero
Volkswagen,Eos,Turbo
Hyundai,Azera,Limited
BMW,M6,Base
chevrolet,camaro,base
Chevrolet,MonteCarlo,LTZ
BMW,3Series,323is
Toyota,Corolla,XRS
Suzuki,Kizashi,S
Ford,F-450SuperDuty,XLT
GMC,Envoy,Denali
Audi,A3,2.0TFSIPrestigequattro
BMW,5Series,528xi
Volkswagen,Golf,GLS1.8T
BMW,7Series,750iL
Lincoln,TownCar,SignatureL
BMW,Z4,3.0si
Toyota,RAV4,Base
Mazda,B-SeriesTruck,B2300
Volkswagen,Jetta,GLS
Chevrolet,Suburban,LTZ
Mercedes-Benz,E-Class,E430
Lexus,LS400,Base
Lincoln,TownCar,PremiumSignature
Volkswagen,Golf,GLS(1999.5)
Saturn,Relay,1
Mercedes-Benz,SLK-Class,SLK300
nissan,350z,touring
Ford,Taurus,SELDeluxe
Jeep,Wrangler,Rubicon
chevrolet,equinox,fwdlt
Nissan,Frontier,SE-V6DesertRunner
Ford,Focus,LX
Dodge,SprinterCargo,2500SHCeiling140WB
Ford,F-150,SVTLightning
Kia,Forte,LX
jeep,wrangler,4x44c
Porsche,911,Turbo
Subaru,Forester,2.5XPremiumPZEV
Chevrolet,Colorado,ZQ8LS
Subaru,Forester,L
buick,century,custom
Dodge,Charger,SRT-8
Dodge,Caliber,SXT
chevrolet,impala,policepolice
pontiac,g5,base
Acura,Legend,L
Volkswagen,Jetta,GLS(1999.5)
Ford,Mustang,Mach1Premium
BMW,7Series,740iL
Saturn,L-Series,LW300
Saturn,S-Series,SL
Kia,Soul,+
GMC,Suburban,1500SLT
Subaru,Forester,2.0XTPremium
Mitsubishi,Outlander,Limited
Kia,Optima,SXTurbo
chevrolet,uplander,extls
Chevrolet,Silverado1500Classic,LT3
mazda,mazda5,touring
Dodge,Neon,Base
Volvo,S80,T5Drive-E
Mercedes-Benz,S-Class,S63AMG
Isuzu,i-Series,i-290LS
Chevrolet,Impala,SS
Cadillac,DeVille,D'elegance
Mitsubishi,Diamante,LS
Kia,Optima,SXL
Saturn,AuraHybrid,Base
Pontiac,GrandAm,SE2
Toyota,Sequoia,SR5
Mercedes-Benz,CLK-Class,CLK430
chrysler,pacifica,fwd
Honda,Odyssey,EX
Toyota,Camry,Deluxe
Chrysler,TownandCountry,LX
Pontiac,G6,GTP
Ford,Ranger,XLTAppearance
porsche,911,4x26ccarrera
Mitsubishi,Mirage,DE
GMC,Sierra3500HD,WorkTruck
Jaguar,XK,XKR
Volvo,S90,Base
Oldsmobile,Silhouette,GLS
BMW,3Series,335ixDrive
Porsche,Macan,S
Jaguar,XJ,Base
ford,expedition,4x4xlt
ford,excurs,4x2v8limited
Volkswagen,Tiguan,SE4Motion
Toyota,Camry,DX
Jaguar,XJ,XJL
dodge,journey,fwdv6sxt
chevrolet,1500,slv4x4cr1lt
Volkswagen,GLI,Base
Volkswagen,Jetta,WolfsburgEdition
Audi,A5,3.2PremiumPlusquattro
ford,f150,4x4crlariat
Mercedes-Benz,SL-Class,SL65AMG
Chrysler,PTCruiser,TouringEdition
Nissan,Altima,3.5SE
Ford,Expedition,ELKingRanch
Audi,A3,2.0TPremiumquattro
Lexus,CT200h,Premium
Nissan,Rogue,S
Ford,C-MaxHybrid,SEL
Mercedes-Benz,C-Class,C400Sport4MATIC
BMW,Z4M,Base
Mercedes-Benz,E-Class,E250SportBlueTEC
Hyundai,Tucson,LimitedPZEV
Mazda,Mazda6,iTouring
Volkswagen,NewBeetle,SEPZEV
MINI,CooperClubman,Base
Volvo,S80,T6Elite
Volvo,V70,GLT
mercury,villager,fwdgs
Chrysler,Pacifica,Limited
Dodge,Charger,Rallye
Kia,Optima,EXTurbo
Mercedes-Benz,S-Class,S500
Mercedes-Benz,S-Class,S63AMG4MATIC
Cadillac,Fleetwood,Base
Ford,Escape,XLTSport
jeep,wrangler,6csport
Audi,Q7,3.0TPremiumquattro
Volkswagen,Rabbit,S
Subaru,Legacy,2.5iSportPZEV
Kia,Cadenza,Limited
Volvo,S40,T5R-Design
Nissan,Altima,2.5SL
Subaru,Baja,Base
Dodge,Journey,R/T
land rover,range,rover
pontiac,grand,amse1
Subaru,Impreza,2.0iPZEV
Volkswagen,Beetle,2.0LTDI
Audi,A4,2.0TPremiumAvantquattro
Subaru,Legacy,Outback
Ford,ShelbyGT500,Base
Honda,Pilot,Touringw/NavigationandRearEntertainment
Honda,Civic,EX-L
BMW,X1,xDrive35i
ford,escape,4x44chybrid
Volkswagen,Eos,ExecutiveSULEV
Nissan,Armada,SE
Hyundai,SantaFe,SE
Subaru,Outback,H6-3.035thAnniversaryEdition
Ford,Ranger,STX
Infiniti,FX50,Base
Acura,TL,Type-S
Volkswagen,Passat,GLSV6
Dodge,Avenger,Lux
Hyundai,Veloster,RE:FLEX
Volvo,V70,2.4
ford,f150,4x4extxlt
Toyota,Corolla,SPremium
Chevrolet,Silverado3500HD,LT1
Volkswagen,Passat,3.64Motion
Dodge,RamCargo,2500
Ford,Flex,SE
chevrolet,impala,police
Chrysler,Crossfire,Limited
volkswagen,eurovan,gls
Chrysler,PTCruiser,Base
Jaguar,XK-Series,XK8
Mazda,TributeHybrid,Touring
chevrolet,g3500,cutaway
Chevrolet,TrailBlazerEXT,LS
GMC,Canyon,SLE-2
Mercedes-Benz,C-Class,C280Luxury
Bentley,ContinentalGTSpeed,Base
ford,windstar,fwdsel
Subaru,Legacy,2.5GT
Cadillac,CTS,Base
Nissan,Cube,1.8SKromEdition
dodge,ram,1500lramieslt
Cadillac,SRX,Premium
Porsche,Panamera,Base
GMC,Sierra2500,SLE
Volkswagen,JettaGLI,AutobahnPZEV
dodge,grand,caravfwdse
Mercedes-Benz,S-Class,S55AMG
BMW,X5,4.8i
Toyota,Corolla,XLE
chrysler,pacifica,awd2004.5
Nissan,Sentra,SR
Porsche,CaymanS,Base
Honda,Accord,LXV-6
Jeep,Cherokee,Country
Hyundai,Entourage,GLS
Ford,Expedition,XLTNBX
Porsche,Panamera,S
honda,pilot,4x4ex
Chrysler,300,LX
Chevrolet,Suburban,LT2500
Ford,Focus,ZX3
Ram,2500,Tradesman
Saab,9-7X,4.2i
Cadillac,DeVille,Concours
Suzuki,XL-7,Touring
Mitsubishi,Montero,XLS
Audi,A6,2.7TS-Linequattro
Saab,9-3,2.0T
GMC,Terrain,Denali
Volkswagen,CC,R-Line
Ford,Fiesta,SE
mazda,mazda5,grtrgrtouring
Mercury,Sable,Base
Dodge,Nitro,Heat
Nissan,Xterra,X
Mercedes-Benz,C-Class,C2404MATIC
Honda,Civic,ValuePackage
Dodge,GrandCaravan,Express
Bentley,ContinentalSupersports,Base
Honda,Civic,LXPZEV
Volkswagen,GTI,1.8T
Volkswagen,CC,R-LinePZEV
Oldsmobile,CutlassCiera,Base
Chevrolet,Suburban,2500
Mercedes-Benz,C-Class,C55AMG
Cadillac,STS,V8Luxury
Mazda,CX-9,GrandTouring
Volkswagen,Passat,GL1.8T
Nissan,Quest,SV
Nissan,Frontier,SE-V6
Mercedes-Benz,C-Class,C280Luxury4MATIC
Dodge,Charger,SXTFleet
toyota,previa,le
chevrolet,comm,cutaway
Ford,ExplorerSportTrac,XLS
BMW,5Series,528ixDrive
Ford,Focus,ZX5SES
Nissan,Pathfinder,SVHybrid
Dodge,Challenger,R/TScatPack
Honda,Accord,EX-LV-6w/Navigation
ford,e150,wagonv8xl
Dodge,Durango,Express
Volvo,C30,T5R-Design
Volvo,C30,T5Version1.0
land rover,rr,s/csc
Buick,ParkAvenue,Base
Dodge,SprinterCargo,2500HighRoof158WB
dodge,grand,caravan
Jeep,Wrangler,UnlimitedRubicon
Toyota,Prius,IV
Nissan,NVCargo,3500SV
Volkswagen,GLI,AutobahnPZEV
chrysler,200,v6s
Infiniti,QX70,Base
Land Rover,RangeRover,4.6HSE
Chevrolet,Silverado1500,LT2
ford,e350,clubwagon
ford,f150,4x4exxl
Chrysler,Sebring,TouringFleet
Audi,A4,2.0TPremium
Buick,Encore,Premium
Volkswagen,Eos,VR6
ford,explorer,4x2v6limited
Toyota,Sequoia,Platinum
BMW,X3,xDrive35i
chevrolet,1500,4x4extclassicls
Toyota,Prius,V
landrover,rangerover,hse
Ford,Expedition,XLS
Kia,Rio,Base
Honda,Odyssey,Touring
Volkswagen,Passat,KomfortPZEV
Pontiac,GrandPrix,GXP
Dodge,Durango,SLTPlus
Volkswagen,Passat,LimitedEdition
Mazda,Protege,LX
Audi,A3,2.0T
Volkswagen,Jetta,LimitedEdition
Suzuki,XL-7,Base
Infiniti,GCoupe,G37
Volkswagen,Touareg2,VR6FSI
honda,ridgelin,4x4cr
Infiniti,EX35,Journey
Lincoln,MKX,Base
Isuzu,Ascender,S7-Passenger
Mercury,Villager,Value
Chrysler,TownandCountry,Touring
Chrysler,Concorde,LX
Ford,TransitConnect,WagonXLTLWB
Dodge,RamPickup3500,Laramie
BMW,Z4,sDrive35i
Audi,A4,2.0TPrestige
Infiniti,EX,EX37
Saab,9-7X,Arc
Honda,Accord,10thAnniversary
GMC,Sierra1500,SLE2
Toyota,Tacoma,X-RunnerV6
Chevrolet,MalibuMaxx,LT
Chevrolet,Silverado1500,WorkTruck
honda,ridgelin,4x4crrts
Acura,ZDX,TechnologyPackage
Volkswagen,Tiguan,S
Lincoln,Zephyr,Base
Audi,allroad,Prestigequattro
toyota,camry,le
Ford,F-150Heritage,XLT
Mazda,Mazda6,sTouring
Audi,A8,LTDIquattro
Nissan,Quest,S
Lexus,GX460,Base
Audi,A6,3.2Avantquattro
Aston Martin,Rapide,Base
Buick,Encore,Leather
Mazda,Millenia,Base
Mitsubishi,Diamante,ES
Mercedes-Benz,C-Class,C250Sport
Volvo,S60,T6
Honda,Accord,Value
Mazda,Mazda6,s
Bentley,ContinentalGTC,V8
Suzuki,GrandVitara,Base
nissan,pathfind,4x4le
vw,routan,sew/rse
Toyota,Corolla,Deluxe
Volkswagen,NewBeetle,TripleWhite
pontiac,montana,ext
Nissan,Pathfinder,XE
Subaru,Impreza,TS
Volkswagen,NewBeetle,2.5LFinalEditionPZEV
hyundai,santa,fe4x4v6
Suzuki,GrandVitara,Luxury
Audi,SQ5,3.0TPrestigequattro
smart,fortwo,passioncabriolet
Volkswagen,JettaGLI,Edition30PZEV
GMC,Acadia,SLE
Subaru,ImprezaWRX,Base
Kia,Rio,EX
Chrysler,300,SRT8
Mazda,MX-5Miata,SpecialEdition
Mazda,MazdaspeedMX-5Miata,Base
Mercedes-Benz,SLSAMG,Base
HUMMER,H2SUT,Base
Saab,9-3,Linear
chevrolet,sonic,lt
Chrysler,Sebring,TSi
Honda,Pilot,EX-Lw/Navigation
Infiniti,M45,Base
Chevrolet,Aveo,Base
BMW,1Series,135is
Audi,A4,3.2quattro
Ford,Edge,SEL
Land Rover,RangeRover,HSE
Toyota,Avalon,XLS
Ford,Focus,ZX3SES
Lexus,LS430,Base
landrover,range,rover4.2ls/c
Lincoln,TownCar,Cartier
Ford,Taurus,SEFleet
vw,jetta,comfrtline
Mazda,Mazda3,SP23SpecialEdition
Toyota,Celica,GTS
Mazda,Mazda6,sSport
Ford,Escape,Limited
kia,borrego,lx
Saturn,Astra,XE
Volkswagen,BeetleConvertible,TurboPZEV
Acura,mdx,base
cadillac,escalade,4x2v8
Volvo,S60,R
GMC,Canyon,WorkTruck
Ford,Escape,XLSPopular
Toyota,Priusc,Two
Infiniti,FX,FX50
Nissan,Maxima,3.5SV
Toyota,Tundra,SR
mercedes,s55,amg
Dodge,RamPickup3500,SXT
Chevrolet,C/K1500Series,Base
Toyota,AvalonHybrid,Limited
Chevrolet,ExpressCargo,G1500
Ferrari,458Italia,Base
Mercedes-Benz,Sprinter,2500144WBCargo
Mercedes-Benz,R-Class,R350
BMW,3Series,325is
Honda,Civic,EXPZEV
Dodge,RamPickup3500,SLT
Volvo,S70,GLTSE
Volkswagen,GTI,GLS1.8T
mazda,mazda6,i
Chevrolet,Corvette,Z06CompetitionSportSpecEd
GMC,Sierra1500,SLT
Ford,F-450SuperDuty,Lariat
Chrysler,Concorde,LXi
Pontiac,Vibe,Base
FIAT,500,Ribelle
smart,fortwo,electricdrivecabriolet
Ford,Explorer,XLTSport
Mitsubishi,Endeavor,Limited
BMW,3Series,323i
bmw,alp,b7lwbalpb7lwb
Audi,A5,2.0TPremium
honda,accord,dx
Subaru,Forester,2.5XT
Nissan,350Z,Base
Subaru,Forester,2.5XLimited
Honda,CR-V,LX
Ford,Ranger,SPORT
Audi,RS4,quattro
Dodge,Challenger,R/TPlus
Ram,CVTradesman,Base
Porsche,911,Carrera4GTS
Toyota,Corolla,CE
Ford,FiveHundred,Limited
Hyundai,Veloster,Turbo
Scion,iQ,Base
Volvo,S60,2.4
Ram,Dakota,BigHorn
Subaru,Impreza,2.5
Saturn,L-Series,L200
pontiac,grand,amse
Nissan,Cube,1.8Base
Chevrolet,TrailBlazer,SS
Saturn,L-Series,LS2
Chevrolet,MalibuClassic,LT
Chevrolet,SparkEV,2LT
BMW,5Series,535ixDrive
Volvo,S70,T5
Plymouth,Prowler,Base
Toyota,Camry,L
MINI,Cooper,JohnCooperWorks
Infiniti,M45,x
Mercedes-Benz,C-Class,C320Sport
Ford,Focus,SE
Infiniti,QX60,Base
Chrysler,Sebring,Base
Jaguar,X-Type,3.0LSportwagon
BMW,X5,xDrive48i
Subaru,B9Tribeca,Limited5-Passenger
Honda,CR-V,SpecialEdition
Nissan,Murano,SE
hyundai,santa,fefwdv6gls
Chevrolet,Suburban,LT
Subaru,ImprezaWRX,STI
Subaru,Impreza,2.0iLimitedPZEV
Ram,PromasterCargoVan,2500HighRoof
Toyota,Matrix,XR
BMW,3Series,328i
Infiniti,FX45,Base
chevrolet,1500,sub4x4v8lt
Honda,Civic,DX
Volkswagen,Jetta,GLIVR6
Volvo,S40,2.4i
Honda,Civic,LXSpecialEdition
Lincoln,Navigator,Ultimate
Audi,A4,2.0T
cadillac,srx,awdv6awd
Dodge,Caliber,Base
Scion,xD,Base
GMC,Sonoma,SLS
Chrysler,PTCruiser,Limited
ford,windstar,fwdbase
lincoln,mkt,awdv6towncar
Lexus,ES300,Base
Dodge,Caravan,Sport
Mercedes-Benz,SL-Class,SL55AMG
Chevrolet,Colorado,Z85LSBase
Acura,MDX,SH-AWD
Toyota,Sienna,CE7-Passenger
Mazda,626,DX
Honda,Ridgeline,RTLw/Leather
Jeep,Cherokee,Limited
ford,e150,cargocommercial
BMW,M,Base
bmw,x3,2.5l
honda,civic,dx
Land Rover,RangeRoverEvoque,PurePremium
Ford,Focus,SES
BMW,3Series,328ixDrive
honda,pilot,awd
Volkswagen,Jetta,GLSPZEV
Honda,Ridgeline,RTS
Buick,Regal,CXL
Volkswagen,Eos,KomfortSULEV
Dodge,Charger,RTFleet
cadillac,srx,sport
GMC,Canyon,SLT
Jeep,GrandCherokee,Sport
Saab,9-3,2.0TSportCombi
Ford,Escort,Base
Lexus,RCF,Base
Mercury,Mountaineer,Convenience
Subaru,Legacy,2.5i
dodge,ram,15004x2slt
Kia,Sorento,EX
Subaru,Outback,2.5iPremiumPZEV
ford,e350,wagonv8
Mitsubishi,Galant,GTZ
Volkswagen,Jetta,SEPZEV
Nissan,Rogue,SKromEdition
Chevrolet,Silverado3500HD,LT2
GMC,YukonXL,SL1500
Dodge,SprinterCargo,2500118WB
BMW,M3,Base
Porsche,Cayman,R
Honda,Passport,LX
Saturn,L-Series,L100
Ford,TransitWagon,350XLLowRoof
Chevrolet,Camaro,LT
jeep,wrangler,6crubiconul
Ford,Expedition,ELSSVFleet
Land Rover,Freelander,S
BMW,3Series,335is
Kia,Borrego,LX
Chevrolet,Cobalt,Base
Ford,Freestyle,SE
ford tk,ranger,4x4extxlt
Suzuki,Vitara,JLS
Lincoln,Continental,Base
Infiniti,M35,Sport
Hyundai,Sonata,GLSPZEV
Chevrolet,Cruze,1LT
Chevrolet,Colorado,LS
Chevrolet,Impala,LTEco
Ford,TransitVan,250LowRoof
Mercedes-Benz,C-Class,C350Luxury
bmw,1,seriesm
Acura,RLX,Base
Hyundai,Sonata,SportPZEV
Dodge,Durango,SLT
chevrolet,corvette,z06
Audi,Q7,TDIPrestigequattro
Audi,A6,2.8
BMW,5SeriesGranTurismo,550ixDrive
BMW,3SeriesGranTurismo,335ixDrive
Chevrolet,Blazer,Trailblazer
Mercury,Mariner,Luxury
Jeep,Wrangler,FreedomEdition
Dodge,Dart,SXT
Infiniti,GCoupe,IPL
Ram,3500,Laramie
Pontiac,GrandAm,SE1
Infiniti,Q45,Base
Jeep,Commander,Limited
Ford,F-250SuperDuty,Lariat
BMW,X3,xDrive30i
Honda,Accord,EX-L
Jeep,Wrangler,UnlimitedRubiconHardRock
Jaguar,XF,Base
Volkswagen,Jetta,GLXVR6(1999.5)
Nissan,Quest,3.5SE
Volvo,S70,Base
GMC,SavanaCargo,2500
Ford,Taurus,SHO
Jeep,Wrangler,Sport
Infiniti,I35,Base
Audi,Q5,2.0TPremiumPlusquattro
Volkswagen,Jetta,GLXVR6
Ford,Freestar,S
Kia,Forte,SX
Jeep,Wrangler,Unlimited70thAnniversary
gmc,sr,15004x4exsle
Lexus,HS250h,Base
Subaru,Outback,2.5iLimited
Nissan,Altima,3.5SR
Chevrolet,Aveo,Aveo5SpecialValue
Suzuki,Equator,Sport
Infiniti,EX,EX35
Lincoln,MKS,Base
Ford,Taurus,SESDeluxe
Toyota,Tacoma,TRDPRO
Lexus,LS460,Base
Ford,TransitConnect,CargoVanXL
Jaguar,XJ-Series,XJ6L
Hyundai,SantaFe,Sport
Jeep,Patriot,Latitude
BMW,6SeriesGranCoupe,640ixDrive
chevrolet,3500,cb/ch4x2lt1
Chrysler,300,CHEMI
Chevrolet,Malibu,LT1
Porsche,911,GT2
Volkswagen,Jetta,SportWagenSEPZEV
dodge,grand,caravanes
Toyota,Priusc,One
Chrysler,Sebring,JXi
Chevrolet,Uplander,Base
Mazda,Mazda6,iSport
GMC,SavanaCargo,3500
Chevrolet,Blazer,Xtreme
chrysler,voyager,fwd4c
Dodge,GrandCaravan,SXT
Ram,PromasterCargoVan,1500LowRoof
Suzuki,XL-7,LX
BMW,7Series,740i
Ford,CrownVictoria,Base
Nissan,Armada,LE
Nissan,Xterra,S
Dodge,Caliber,SXTPlus
Mitsubishi,Galant,S
BMW,Z4,2.5i
Subaru,Impreza,L
Dodge,Caliber,Express
Dodge,Charger,SE
land rover,lr3,se
ford,f250,4x2exxl
Subaru,Legacy,2.5iSpecialEdition
Jaguar,XK-Series,XKR
Mitsubishi,3000GT,SL
Mercedes-Benz,CL-Class,CL550
Acura,TL,SpecialEdition
Ram,1500,Sport
Lincoln,NavigatorL,Luxury
Toyota,Tundra,Tundra
GMC,Yukon,SLE
BMW,5Series,545i
Chevrolet,Traverse,LS
Subaru,Forester,2.0XTTouring
Toyota,Tundra,LimitedFFV
Honda,Civic,NaturalGas
Chevrolet,Cruze,LTFleet
Ram,C/VTradesman,Base
Hyundai,Elantra,SE
Dodge,Caliber,SXTFleet
Porsche,Panamera,4S
dodge,gr,caravancrew
BMW,8Series,850i
Ford,EconolineWagon,E-350SuperDutyXLT
Subaru,Baja,Sport
Mitsubishi,Eclipse,GT
Pontiac,Bonneville,SSEi
pontiac,g5,se
oldsmobile,alero,gl
Mazda,MPV,LX-SV
Audi,A8,L3.0Tquattro
Chrysler,TownandCountry,LXFamilyValue
Chrysler,300M,Base
Cadillac,CTS-VCoupe,Base
Land Rover,RangeRoverEvoque,PrestigePremium
Cadillac,EscaladeESV,Base
Nissan,Titan,LE
Honda,Civic,EX
Dodge,RamVan,1500
Infiniti,M37,x
Toyota,Sienna,CE
Nissan,Versa,1.6SL
Honda,Pilot,LX
Audi,A8,L4.0Tquattro
Subaru,Impreza,2.0iSportLimitedPZEV
Suzuki,SX4,SportBack
Volkswagen,Jetta,GLTDI
Ford,EscapeHybrid,Base
Saab,9-3,SEHO
Nissan,Sentra,XE
BMW,ActiveHybrid5,Base
Nissan,Versa,1.6SPlus
Dodge,Dart,Aero
GMC,Canyon,Z85SL
Porsche,911,Carrera4
Honda,Accord,SpecialEdition
FIAT,500,tTurbo
Ford,Ranger,Splash
Jeep,Compass,Limited
Pontiac,GrandAm,GT
Subaru,WRX,STILimited
Infiniti,QX,QX56
Ferrari,F430,Spider
dodge,durango,4x4slt
Mitsubishi,Montero,Limited
landrover,lr3,v6se
Mercedes-Benz,E-Class,E250LuxuryBlueTEC4MATIC
Isuzu,Rodeo,LS
GMC,envoy,Base
Audi,TT,180hp
BMW,1Series,128i
Mazda,Mazda5,GrandTouring
Audi,S4,PremiumPlusquattro
Cadillac,CTS-V,Base
Chevrolet,Silverado1500HD,LT
dodge,stratus,se
audi,a4,premium2.0tqtro
Volkswagen,Touareg2,V8FSI
Ford,Ranger,FX4Off-Road
Audi,A6,2.8quattro
Chrysler,Cirrus,LXi
smart,fortwo,passion
Mercedes-Benz,G-Class,G500
Ram,C/VCargoVan,Base
mitsubishi,endeavor,awdls
chevrolet,s10,4x2reg
Jeep,Cherokee,Trailhawk
BMW,6SeriesGranCoupe,650i
Pontiac,G6,GT
Kia,Spectra,GS
mercedes,sprinter,3500
Ford,Escape,XLTPopular
Cadillac,SRX,V8
Isuzu,Axiom,XS
Hyundai,Azera,GLS
ford,expedition,4x2edbauer
BMW,X5,xDrive30i
Mercury,GrandMarquis,LS
GMC,Sierra3500HD,SLE1
Ford,Freestar,SE
Chrysler,Pacifica,Touring
Mazda,Mazda3,s
Ford,Mustang,Standard
Honda,Insight,Base
Chevrolet,Suburban,1500
Volkswagen,Passat,GLX4Motion
Toyota,MR2Spyder,Base
Suzuki,SX4,SportBackGTS
Mercedes-Benz,300-Class,300SE
Chrysler,300,CJohnVarvatos
Subaru,B9Tribeca,5-Passenger
Mercedes-Benz,CLS-Class,CLS5504MATIC
pontiac,montana,sv6
Volkswagen,Jetta,GT
Audi,A6,4.2quattro
Volvo,XC60,3.2
Nissan,Maxima,3.5SE
Mercedes-Benz,GL-Class,GL350BlueTEC
Infiniti,G20,Touring
Chevrolet,Suburban,LS
Chevrolet,Tracker,Base
Jaguar,S-Type,3
Dodge,Charger,Base
Chrysler,TownandCountry,Limited
Dodge,Intrepid,ES
MINI,CooperPaceman,S
Dodge,Caravan,eC
Ford,Freestyle,SEL
Isuzu,Rodeo,LSE
Ford,E-SeriesVan,E-350SuperDuty
Dodge,Caliber,SRT4
Volkswagen,NewBeetle,TDI
chevrolet,impala,v6ltz
BMW,3Series,318i
ford,explorer,awdedbauer
mitsubishi,galant,fe
Lincoln,LS,Sport
Volkswagen,NewBeetle,2.5PZEV
Chevrolet,Express,LS2500
Subaru,Outback,3.0RL.L.BeanEdition
Chevrolet,Venture,LT
Suzuki,Kizashi,SportGTS
subaru,forester,awdxsllbean
Cadillac,DTS,Premium
ford,e350,clubwagonxlt
BMW,Z4,sDrive35is
Honda,Fit,EX
Chrysler,Sebring,Touring
Honda,Insight,LX
Acura,ILX,Base
Mitsubishi,LancerEvolution,SE
Ram,3500,LaramieLonghornLimitedEdition
Volvo,C30,T5
Porsche,Boxster,S
Volkswagen,Passat,TDISELPremium
Dodge,RamPickup1500,LT
Mercedes-Benz,CLS-Class,CLS63AMG4MATICS-Model
Ford,Focus,BEV
Mazda,CX-5,Touring
dodge,avenger,v6sxt
Subaru,Legacy,2.5GTLimited
Nissan,Murano,S
Kia,Spectra,SX
Ford,E-SeriesVan,E-250
Kia,Optima,SE
Buick,Rendezvous,CX
Volvo,C70,LT
Dodge,Intrepid,SXT
Mazda,Truck,B3000
Mazda,MazdaspeedProtege,Base
Acura,CL,3.0Premium
Chevrolet,Camaro,Z/28
Volkswagen,Jetta,GLSTDI
Dodge,Magnum,Base
Acura,TSX,Base
chrysler,town,&countrylx
GMC,Yukon,SLT1XFE
Dodge,Durango,R/T
Oldsmobile,Alero,GL4
Ford,Focus,Titanium
Buick,Riviera,Base
Nissan,Juke,NISMORS
Chevrolet,Impala,LTFleet
Nissan,Frontier,PRO-4X
Acura,TL,SH-AWDw/AdvancePackage
GMC,Canyon,SL
Lincoln,Navigator,Luxury
Pontiac,G6,GXP
Mercedes-Benz,CLS-Class,CLS500
ford,f150,4x2rgxl
Kia,Rondo,LX
Ford,EconolineWagon,E-350SuperDutyXL
BMW,Z3,2.5i
Nissan,NV,3500SV
Ford,Fiesta,ST
Jaguar,F-TYPE,S
chrysler,grand,voyagerse
Dodge,SprinterCargo,2500HighCeiling118WB
Audi,R8,4.2quattro
honda,pilot,4x4ex-l
BMW,2Series,M235i
ford,ranger,4x2regxlt
jeep,patriot,north
Jaguar,F-TYPE,Base
Chrysler,Prowler,Base
Lexus,GX460,Luxury
Acura,TL,3.2
Hyundai,Elantra,SESULEV
Dodge,RamPickup3500,ST
Subaru,Forester,2.5XTouringPZEV
Acura,RL,3.5
Chevrolet,Silverado1500HD,LS
Jaguar,S-Type,R
Nissan,Versa,1.6
Dodge,Challenger,R/T
Honda,CR-V,Base
Mercedes-Benz,M-Class,ML63AMG
MINI,CooperPaceman,Base
Land Rover,LR4,Base
mercury,villager,fwdestate
Volkswagen,Golf,TSIS
BMW,4SeriesGranCoupe,435i
Ford,Taurus,SE
Volkswagen,Eos,2.0T
Infiniti,G20,Base
Subaru,Outback,Limited
Mitsubishi,Outlander,GT
ford,explorer,4x2v6xlt
dodge,b1500,ramv8
Lotus,Exige,S
Nissan,Pathfinder,SL
Pontiac,GTO,Base
Volkswagen,Jetta,2.5PZEV
Chrysler,300M,Special
Cadillac,STS,V8
dodge,stratus,v6sxt
chrysler,300,4x2v8300csrt8
Infiniti,GSedan,G25Journey
Kia,K900,Luxury
oldsmobile,ciera,s
Acura,ILX,Hybridw/TechnologyPackage
Dodge,Caliber,Rush
Subaru,Outback,3.0R
chevrolet,aveo,ltw/2lt
Dodge,Intrepid,R/T
lincoln,town,carsigltd
Dodge,Sprinter,2500144WB
ford,escape,4x4v6limited
Saab,9-5,Arc2.3T
Volkswagen,Jetta,SPZEV
BMW,5Series,525i
Dodge,Magnum,RT
Ford,FusionHybrid,S
Dodge,Challenger,Base
dodge,magnum,4x2v6se
Nissan,Sentra,2
Toyota,Avalon,Limited
Lexus,IS250C,Base
airstream,interstate,rvb
Jaguar,XF,Premium
chevrolet,venture,fwdextlt
Mazda,Tribute,DX
Volkswagen,Jetta,SELPZEV
land rover,lr3,v8se
Ford,ExplorerSportTrac,Adrenalin
Ford,Explorer,XLS
GMC,YukonXL,1500SLT
Audi,S5,PremiumPlusquattro
Audi,A6,2.7Tquattro
Mazda,Mazda3,i
Ford,Focus,ZXWSES
Volkswagen,Passat,SEL
Nissan,Armada,Platinum
Mercedes-Benz,S-Class,S430
Mitsubishi,EclipseSpyder,GTS
Mercedes-Benz,S-Class,S5004MATIC
Ford,CrownVictoria,LX
Maserati,GranTurismo,Sport
Nissan,Titan,XE
Land Rover,LR2,HSE
Porsche,911,CarreraS
Infiniti,G35,x
Volkswagen,Golf,2.0LTDI
Oldsmobile,CutlassSupreme,SL
Toyota,Prius,Two
Land Rover,LR4,HSELUX
oldsmobile,intrigue,base
Ford,Taurus,SEL
Isuzu,Axiom,Base
Nissan,Altima,SE
Nissan,Titan,SV
jeep,wrangler,4x44cse
GMC,Sierra2500HD,SLE
Saturn,L300,Base
Volvo,C70,HPT
Subaru,Impreza,RS
Mitsubishi,Outlander,LS
Jeep,Compass,Sport
Mercedes-Benz,C-Class,C3504MATIC
Toyota,Tercel,Base
Mitsubishi,LancerEvolution,GSR
Chevrolet,MalibuHybrid,Base
Kia,Rio,SX
Audi,A4,1.8TAvantquattro
Toyota,Paseo,Base
MINI,CooperCountryman,SALL4
Toyota,Tundra,PlatinumFFV
GMC,Yukon,SLE1
Honda,Pilot,EX
Mazda,Truck,B3000DualSport
Chevrolet,Corvette,Z06
Chrysler,300,Touring
Cadillac,CTS,VsportPremium
Pontiac,Sunfire,GT
Nissan,Murano,LE
Toyota,Highlander,Sport
chevrolet,astro,2wdext
Volkswagen,BeetleConvertible,R-Line
Volkswagen,Passat,VR64Motion
ford,e150,cargov6recreation
Subaru,Outback,2.5iSpecialEdition
Lexus,GS450h,Base
Buick,Regal,Premium1Turbo
Aston Martin,V8Vantage,N400Roadster
Honda,Pilot,EX-L
Buick,Verano,ConvenienceGroup
Mercedes-Benz,CL-Class,CL600
Saturn,Sky,Base
Volkswagen,CC,ExecutivePZEV
ford,escape,4x4v6xlt
Land Rover,DiscoverySeriesII,SE
Tesla,ModelS,Base
Chevrolet,Aveo,LT
Buick,Enclave,Base
Mercedes-Benz,S-Class,S350BlueTEC4MATIC
Subaru,XVCrosstrek,Premium
Honda,Pilot,ValuePackage
Mercedes-Benz,SLSAMGGT,Base
Saturn,VUEHybrid,Base
Nissan,Frontier,LE
gmc truck,safari,extsle
Porsche,Cayenne,Turbo
Toyota,Venza,Limited
Acura,ILX,PremiumPackage
Chevrolet,Silverado1500Classic,LS2
Oldsmobile,Cutlass,GLS
ford,explorer,4x4v6edbauer
Volkswagen,Beetle,R-Line
Dodge,Avenger,Express
Volkswagen,NewBeetle,GLS
maserati,quattroporte,execgt
Ford,Escort,ZX2Deluxe
buick,regal,gransport
Kia,Sorento,SXL
Infiniti,Q45,Luxury
Audi,A8,quattro
Dodge,Dakota,SXT
Audi,Q7,3.6quattro
BMW,3Series,335d
Ford,Excursion,XLTValue
Lincoln,TownCar,Signature
Audi,A3,2.0TPremiumPlus
ford,escape,4x4v6xltsport
MINI,CooperCoupe,S
ford,windstar,fwd
oldsmobile,alero,gl2
Dodge,Nitro,SLT
honda,pilot,awdex-l
ford,explorer,4x4v6nbx
GMC,Sierra1500,SLE1
Volkswagen,Rabbit,Base
ford,f150,4x4regxlt
Dodge,Challenger,SE
ford,f250,4x4rgxl
Chevrolet,Equinox,Sport
Kia,Optima,Hybrid
Mercury,Monterey,Premier
Volkswagen,Golf,TDI
Jaguar,XJ-Series,XJ6Sovereign
Chevrolet,Aveo,Aveo52LT
Infiniti,I30,Touring
smart,42c,pulse
suzuki,grand,v4x2ultadvent
lexus,lx,470
Mazda,MPV,LX
Chevrolet,Cruze,Eco
Dodge,Neon,SXT
Infiniti,Q60Coupe,Journey
gmc,yukon,4x4v8sle
Audi,TT,180hpquattro
Volkswagen,JettaHybrid,SEL
Porsche,Cayman,S
Dodge,RamCargo,1500
Mazda,Protege5,Base
Acura,TL,SH-AWD
Mercedes-Benz,M-Class,ML550
Mazda,B-SeriesPickup,B3000SE
Pontiac,G6,Fleet
Nissan,Sentra,FE+S
Chevrolet,Silverado2500HDClassic,WorkTruck
Volvo,V70,SE
Volkswagen,NewBeetle,2.5
Honda,Odyssey,TouringElite
Toyota,4Runner,SportEdition
Volkswagen,BeetleConvertible,2.5LPZEV
Mitsubishi,Lancer,ES-Sport
Nissan,Maxima,GLE
Mazda,CX-7,iSport
Toyota,Sienna,LE
Volkswagen,BeetleConvertible,TDI
Ford,Flex,Limited
Mazda,Mazda2,Touring
GMC,EnvoyXL,Denali
Mercury,GrandMarquis,GS
Oldsmobile,Bravada,Base
gmc truck,sr,15004x4crslt
Hyundai,Elantra,Limited
Chevrolet,Camaro,Base
Mazda,Mazda6,sTouringPlus
jeep,wrangler,4x44cs
Jeep,Liberty,LimitedEdition
Jeep,GrandCherokee,SRT8
Mitsubishi,Lancer,DE
GMC,Terrain,SLT-2
Subaru,Forester,2.5iTouringPZEV
Chevrolet,TahoeHybrid,Base
dodge,stratus,v6es
Volvo,S80,V8
GMC,Sierra2500HD,Base
Toyota,Sienna,LE7-Passenger
Toyota,Venza,LE
Hyundai,Sonata,V6
Volkswagen,GTI,GLXVR6
mercedes,g55,amg
Mercedes-Benz,Sprinter,3500170WBCargo
Chevrolet,Malibu,Base
ford,taurus,se
Mercedes-Benz,SL-Class,SL320
Audi,A6,3.2
Mercedes-Benz,GLK-Class,GLK3504MATIC
BMW,Z4,sDrive30i
Ford,F-350SuperDuty,XL
Scion,tC,Base
chevrolet,g2500,chevyvanbase
Mazda,Mazda6,sGrandTouring
Chevrolet,Colorado,2LT
Volkswagen,CC,VR64MotionExecutive
chrysler,voyager,v6se
jeep,compass,4x44csport
Mitsubishi,Galant,GTZV6
BMW,7Series,740LixDrive
Audi,R8,5.2quattroSpyder
Ford,TransitWagon,350XLHighRoof
Mercury,Milan,Base
subaru,forester,awdxw/prem
Hyundai,Veracruz,Limited
cadillac,srx,awdv8awd
Chevrolet,Corvette,Stingray
Nissan,Xterra,Pro-4X
Volkswagen,Jetta,Base
Mitsubishi,Eclipse,SE
Toyota,Highlander,LEPlus
Audi,TTS,quattro
Infiniti,JX,JX35
subaru,legacy,outback
Hyundai,Sonata,Sport2.0T
Dodge,Neon,SE
Subaru,Impreza,2.5RS
Mercedes-Benz,E-Class,E5004MATIC
Volkswagen,CC,VR64Motion
Mercedes-Benz,ML55AMG,Base
Pontiac,GrandPrix,LE
Volkswagen,JettaSportWagen,SE
Ford,Explorer,XLSSport
Chevrolet,MalibuMaxx,LSFleet
Audi,A3,2.0TPZEV
Audi,TTS,2.0Tquattro
Ram,1500,Laramie
cadillac,srx,awdv6
Chevrolet,Camaro,2SS
Chevrolet,Colorado,LT1
Chrysler,300,SV8
Toyota,HighlanderHybrid,Limited
GMC,Sierra1500,SLE
Buick,Regal,OlympicGold
Chevrolet,Corvette,StingrayZ51
Nissan,Pathfinder,LE
ford,f150,4x2regxl
Dodge,RamPickup2500,SLT
Isuzu,Ascender,Luxury5Passenger
Mercedes-Benz,M-Class,ML5504MATIC
Pontiac,G5,GT
BMW,M4,Base
BMW,5Series,528i
Ram,1500,SLT
Mitsubishi,LancerSportback,GT
Chrysler,PTCruiser,Classic
Mercedes-Benz,CL-Class,CL63AMG
BMW,ActiveHybrid7,750Li
land rover,range,roversports/c
Toyota,Prius,One
Chrysler,300,LimitedFleet
Acura,TL,Base
Acura,TLX,Base
Mitsubishi,Lancer,Ralliart
Subaru,Outback,3.6RLimited
Ford,Escape,SE
Saturn,Outlook,XR
Land Rover,LR4,HSE
Subaru,Baja,Turbo
Chevrolet,Silverado1500Classic,WorkTruck
Infiniti,M,M56x
Mercury,Tracer,Base
Suzuki,Sidekick,SportJLX
Chevrolet,CaptivaSport,LTFleet
GMC,YukonDenali,Denali
Subaru,Impreza,2.0iSportPremiumPZEV
GMC,Sonoma,SLE
Subaru,Legacy,GTLimited
ford,f250,4x4extlariat
dodge,b1500,ram
Ford,ExplorerSport,Premium
GMC,Sierra3500,SLT
Isuzu,Rodeo,S
Nissan,Sentra,SE-R
Audi,A6,2.8Avantquattro
Subaru,Impreza,WRX
Mercedes-Benz,CLK-Class,CLK350
chevrolet,astro,cargo4x2w/yf7
Infiniti,Q60Coupe,IPL
vw,routan,selprm
Ram,Dakota,ST
Oldsmobile,Aurora,3.5
Volkswagen,Passat,GLSTDI
Chevrolet,Colorado,1LT
Ford,Escape,S
Toyota,Tundra,Base
Dodge,RamPickup1500,ST
Chevrolet,Suburban,2500LT
Ford,ExplorerSport,XLS
ford,thunderbird,lx
Toyota,Highlander,V6
Bentley,ContinentalGTC,Base
Volvo,XC70,3.2
Mazda,Protege,ES
Land Rover,RangeRoverSport,GTLimitedEdition
Volkswagen,Touareg2,V6TDI
ford,ranger,4x4extxlt
Buick,Verano,Base
Acura,RL,Base
mazda,mpv,dx
HUMMER,H1,Wagon
chevrolet,malibu,4clsw/1ls
Chevrolet,Suburban,1500LT
Chevrolet,Malibu,LSFleet
cadillac,srx,4x2suv
Volkswagen,Jetta,SEL
Honda,Civic,LX-S
jeep,gr,cherokee4x4limited
Volkswagen,Eos,Komfort
Ford,Focus,ZX3PowerPremium
Audi,Q7,4.2quattro
Toyota,Corolla,Base
Ford,ExplorerSportTrac,Limited
Jeep,Wrangler,70thAnniversary
GMC,Safari,Base
GMC,Terrain,SLE-2
Chevrolet,Cavalier,LSSport
Audi,R8,4.2quattroSpyder
Pontiac,Firebird,Base
Audi,A4,2.0TPremiumPlusquattro
Honda,Civic,HybridPZEV
GMC,Suburban,1500
Lexus,LS600hL,Base
Mercury,Cougar,Sport
Mercedes-Benz,SLK-Class,SLK230Kompressor
Chevrolet,Cobalt,LS
Volvo,V70,2.5T
Infiniti,Q50,Base
Chevrolet,BlackDiamondAvalanche,LT
Cadillac,SRX,TurboPremium
chevrolet,hhr,ls
honda,pilot,awdex
chevrolet,malibu,4cltw/2lt
Mercedes-Benz,E-Class,E350Luxury4MATIC
Chevrolet,Suburban,1500LT1
Volvo,S80,2.9
Scion,xA,Base
Ford,E-SeriesVan,E-150
chrysler,pacifica,awdv6limited
Nissan,Frontier,Base
Volvo,850,Base
Mercedes-Benz,C-Class,C250
Nissan,Rogue,SV
Mercedes-Benz,CLK-Class,CLK63AMG
Mercedes-Benz,C-Class,C300Sport
Fisker,Karma,Eco-Sport
Toyota,Yaris,SE
Pontiac,G8,Base
Hyundai,Equus,Ultimate
Nissan,NV200,S
Nissan,370Z,NISMO
Audi,A4,2.0TPrestigequattro
gmc truck,yukon,4x4v8slt
Honda,CR-Z,EX
smart,fortwo,purecoupe
Saturn,S-Series,SW2
Chevrolet,TahoeLimited/Z71,Limited
BMW,Z3,1.9
Ford,Windstar,LXStandard
Dodge,RamPickup1500,LaramieSLT
Dodge,Caliber,Heat
Toyota,Avalon,XLE
Saturn,Sky,RedLine
Subaru,Outback,2.5iPZEV
Mitsubishi,Outlander,SE
Bentley,FlyingSpur,Base
Mercedes-Benz,E-Class,E500
Dodge,Durango,ST
Subaru,Impreza,WRXSTILimited
Chrysler,PTCruiser,Touring
Chevrolet,Tahoe,LT
ford,expedit,4x2v8xltprm
Mitsubishi,LancerSportback,Ralliart
Land Rover,RangeRoverEvoque,DynamicPremium
Lexus,ISF,Base
land rover,lr3,v8hse
Maserati,Ghibli,Base
Kia,Sedona,Base
Jeep,Patriot,Limited
BMW,X4,xDrive35i
Suzuki,Aerio,GS
Mitsubishi,Galant,SportV6
Honda,Passport,EX
Saab,9-5,Linear2.3T
Audi,A5,2.0TPrestigequattro
Buick,Roadmaster,Base
Mercury,Mountaineer,Base
Saab,9-3,Arc
mazda,cx-7,sportawd
Hyundai,Accent,GT
Audi,A5,quattro
Volkswagen,Golf,2.5L
Chevrolet,TrailBlazer,LT2
Ford,Fusion,Titanium
Volvo,S60,T6R-Design
Saturn,L300,1
ford,e350,base
Toyota,Tundra,Limited
BMW,3Series,323iT
Mercury,Villager,Estate
Jaguar,XJ-Series,XJR
Buick,Rainier,CXLPlus
Chevrolet,Avalanche,1500
Mitsubishi,LancerSportback,GTS
BMW,X1,sDrive28i
Subaru,Legacy,2.5iLimitedPZEV
Honda,Accord,LXSpecialEditionV-6
Volkswagen,EuroVan,MV
Chevrolet,Silverado2500HDClassic,LT3
Mitsubishi,Outlander,ES
GMC,EnvoyXUV,SLE
Volkswagen,Eos,Base
Volkswagen,GTI,Base
Hyundai,Elantra,LimitedSULEV
dodge,magnum,4x2v6sxt
volkswagen,routan,3.6lsese
mazda,mazda5,sportsport
Tesla,ModelS,85
Chevrolet,Malibu,LTZ
ford,taurus,gl
Toyota,4Runner,Limited
Infiniti,M56,Base
Ford,ExpeditionEL,KingRanch
Volvo,V50,2.4i
Volkswagen,NewBeetle,GL
GMC,Yukon,SLT1
Volkswagen,GTI,PZEV
Chevrolet,Tahoe,LTZ
BMW,1Series,128iSULEV
gmc,1500,sierra4x4sle
BMW,X3,xDrive28d
BMW,4Series,428i
Ram,1500,Tradesman
BMW,3Series,328d
Chevrolet,Silverado3500,LS
GMC,Sierra1500Classic,SL1
Subaru,Outback,H6-3.0L.L.BeanEdition
GMC,YukonXL,SLT1500
Mitsubishi,i-MiEV,ES
Volkswagen,Passat,V6SELPremium
Mercedes-Benz,C-Class,C32AMG
Toyota,Corolla,LE
Chevrolet,Aveo,2LT
Volkswagen,Tiguan,LE
Dodge,SprinterCargo,2500HighRoof140WB
Chevrolet,Traverse,LT1
Aston Martin,DB9,Volante
Cadillac,STS,V6Premium
Chevrolet,Uplander,Cargo
Subaru,Impreza,WRXSTI
Nissan,Versa,1.6Base
chevrolet,1500,slv4x2cr1lt
Mercedes-Benz,GLK-Class,GLK350
Hyundai,Veracruz,SE
Volvo,V70,2.4T
Toyota,Avalon,XLETouringSE
Ram,2500,Laramie
Subaru,Tribeca,Limited5-Passenger
Nissan,Frontier,SE
Chevrolet,SSR,LS
Hyundai,Tucson,GLS
Audi,Q7,3.0TSlinePrestigequattro
Ford,Focus,ZX5Premium
MINI,CooperClubman,JohnCooperWorks
Ford,ExpeditionEL,EddieBauer
Chevrolet,Avalanche,LS
Volkswagen,GolfGTI,S
Toyota,Corolla,SPlus
ford,e150,cargo
Audi,TT,quattro
Chevrolet,Colorado,Base
FIAT,500L,Lounge
GMC,Envoy,SLT
gmc,sr,15004x2crsle1
Land Rover,RangeRover,Autobiography
Honda,Civic,Hybrid
Audi,RS7,Prestigequattro
Dodge,Neon,SRT-4
Volvo,S80,T6
Lexus,RX400h,Base
Chevrolet,C/K1500Series,Cheyenne
Toyota,ECHO,Base
Honda,Ridgeline,RTLw/LeatherandNavigation
Volkswagen,NewBeetle,GLX1.8T
Cadillac,XLR,Base
Lexus,ES300h,Base
Chevrolet,TrailBlazer,EXTLT
dodge,grand,caravfwdes
Pontiac,GrandPrix,GTP
Saturn,Relay,3
Mercedes-Benz,B-ClassElectricDrive,Base
Toyota,Yaris,L
Audi,TTS,PremiumPlusquattro
porsche,911,awd6ccarrera4s
Lexus,GX460,Premium
Buick,LaCrosse,CX
Volkswagen,Jetta,WolfsburgEditionPZEV
Mercedes-Benz,R-Class,R320BlueTEC
BMW,3Series,330xi
Mercury,Sable,LSPremium
Ford,Expedition,XL
Chevrolet,Silverado3500,WorkTruck
Mitsubishi,MonteroSport,ES
ford,e,wagonv8xlt
Mercedes-Benz,C-Class,C300Sport4MATIC
Oldsmobile,Intrigue,GLS
Infiniti,M,M37
Audi,S4,Prestigequattro
Dodge,Magnum,SXT
mercury,grand,marquisls
Audi,R8,5.2quattro
dodge,charger,4x2
Ford,F-250,HDXLT
Ford,Expedition,XLTPremium
Land Rover,RangeRoverSport,HSE
Volkswagen,Eos,Lux
landrover,lr3,v8hse
Cadillac,XTS,Base
Volvo,C70,LPT
Audi,TTRS,quattro
Dodge,Dakota,Base
Volkswagen,Beetle,TurboPZEVFenderEdition
chevrolet,malibu,4clsw/1fl
Audi,A3,1.8TFSIPremiumPlus
Pontiac,Bonneville,SLE
Ford,TransitConnect,WagonXLTPremium
smart,fortwo,BRABUScoupe
Mazda,CX-7,GrandTouring
chevrolet,uplander,ext
GMC,Sierra1500Classic,WorkTruck
Nissan,Leaf,SL
Chevrolet,Spark,1LT
Jeep,Liberty,Sport
Subaru,Forester,2.5XTLimited
landrover,lr3,v8
BMW,5Series,535dxDrive
Audi,A5,2.0TPremiumquattro
Toyota,Tacoma,PreRunnerV6
dodge,durango,4x2v8
Audi,S6,Prestige
Hyundai,Tiburon,Base
Nissan,Juke,SL
ford,focus,zx3
Mercedes-Benz,R-Class,R350BlueTEC
suzuki,sx4,fwd
Lincoln,Blackwood,Base
Porsche,911,Carrera
Dodge,Intrepid,SE
Nissan,370Z,Base
Dodge,GrandCaravan,Sport
Ford,F-150Heritage,XL
Subaru,Outback,2.5XT
Nissan,300ZX,Base
Mazda,626,LXV6
Dodge,Viper,SRT-10
chrysler,twn&country,fwdlxi
Chevrolet,Silverado1500Hybrid,Base
ford truck,expedition,xlt
Porsche,911,Carrera4S
Dodge,Spirit,Base
Mercedes-Benz,300-Class,300E2.8
Mercedes-Benz,Sprinter,2500170WBPassenger
jeep,compass,4x44cnorth
Volkswagen,Passat,SELPZEV
Chevrolet,Camaro,2LT
land rover,range,rsptv6hse
Nissan,Sentra,FE+SV
FIAT,500,Sport
Dodge,Durango,Citadel
Ford,Focus,SEL
chrysler,town,&counfwdlimited
Cadillac,XTS,Platinum
Oldsmobile,CutlassSupreme,S
Subaru,Forester,2.5iLimitedPZEV
dodge,intrepid,police
chevrolet,astro,2wdextbase
Volvo,V70,XC
Hyundai,Equus,Signature
Subaru,Outback,Base
Mitsubishi,Galant,DE
MINI,CooperCountryman,S
Jaguar,XJ,XJLSupercharged
Chevrolet,Suburban,1500LS
Nissan,Xterra,Off-Road
Dodge,Nitro,SEFleet
Mercedes-Benz,C-Class,C350Luxury4MATIC
Saturn,VUE,XE
Mazda,CX-5,Sport
Volvo,XC90,3.2R-Design
Hyundai,Sonata,LimitedV6
Dodge,RamPickup1500,SRT-10
Chrysler,TownandCountry,TouringPlus
Mazda,Mazda6,iGrandTouring
Volkswagen,Rabbit,SPZEV
Ford,Excursion,Limited
ford,e250,cargov8
mazda,mazda5,sport
Dodge,Caliber,R/T
Toyota,AvalonHybrid,XLEPremium
Land Rover,RangeRover,EbonyEdition
Kia,Sportage,LX
landrover,discovery,se7
dodge,grand,caravcrew
ford truck,explorer,awdxlt
Toyota,Sequoia,Limited
Honda,Accord,LXPZEV
Dodge,Charger,3.5L
Ford,Fiesta,SES
Buick,Regal,GS
Lexus,IS250,Base
Jeep,Wrangler,Sahara
Chrysler,Crossfire,Base
Nissan,Juke,SV
Suzuki,Aerio,Base
Dodge,SprinterCargo,2500144WB
Cadillac,STS-V,Base
Lexus,HS250h,Premium
toyota,tundra,4x2crlimited
Nissan,Frontier,SE-V6DessertRunner
Toyota,FJCruiser,Base
Land Rover,RangeRoverSport,Supercharged
GMC,Sierra3500HD,SLT
Volvo,XC,Base
Ford,Escape,XLT
Honda,Accord,LX-S
Hyundai,GenesisCoupe,3.8R-Spec
Volkswagen,NewBeetle,GLTDI
Ford,Expedition,XLT
Mercedes-Benz,E-Class,E400Hybrid
Cadillac,XLR,Platinum
Volkswagen,Touareg,XSpecialEdition
Chrysler,LHS,Base
Nissan,Armada,SL
Pontiac,G8,GXP
Audi,A6,3.0TPremiumquattro
Volkswagen,Cabrio,GLX
GMC,Safari,SLE
chevrolet,impala,v6lt
Toyota,Prius,I
oldsmobile,ciera,sl
Volvo,S60,T5Drive-E
Ford,Escape,XLTPremium
Chevrolet,MalibuMaxx,Fleet
Audi,Q5,3.2PremiumPlusquattro
Dodge,Durango,Crew
Dodge,Magnum,SE
cadillac,srx,awdsuv
Mazda,6,iTouring
Volkswagen,Tiguan,S4Motion
Ferrari,F430,Base
porsche,911,cpecarrera2
Saturn,ION,3
Volkswagen,Passat,Lux
ford,f250,4x2rgxl
Audi,A5,2.0TPremiumPlusquattro
Dodge,Caliber,Uptown
Hyundai,XG350,L
Ford,Focus,SVT
Ram,1500,BigHorn
Volkswagen,Touareg,Hybrid
Volvo,C70,HT
Volkswagen,Passat,SE
Cadillac,SRX,Performance
Acura,TL,3.2Type-S
Nissan,Quest,GXE
landrover,range,roversports/c
Chevrolet,Uplander,LT
Dodge,Dakota,BigHorn
BMW,X5M,Base
Volvo,940,LevelI
Toyota,Corolla,SSpecialEdition
Chevrolet,Silverado2500,Base
Mazda,MPV,ES
Subaru,B9Tribeca,Limited7-Passenger
Hyundai,ElantraTouring,Base
Nissan,GT-R,TrackEdition
Mitsubishi,Lancer,LS
Dodge,RamPickup2500,SXT
Kia,Sportage,Base
Subaru,Forester,S
Chevrolet,Avalanche,LT
chrysler,pacifica,awdv6
Honda,Odyssey,EX-L
Chevrolet,Cobalt,SS
bmw,7,seriesb7alpina
ford,expeditn,el4x2xlt
dodge,grand,caravanse
Mazda,Tribute,ES-V6
chevrolet,1500,4x4extsilverz71
Ford,Ranger,Tremor
Mercury,Mariner,Base
ford,350,srw4x4exxl
ford,explorer,awdv8xlt
Buick,Regal,Premium2
chevrolet,venture,fwdext
Buick,Lucerne,CXL
land rover,discovery,s
buick,allure,cxl
Nissan,Versa,1.8S
lexus,gx,470
Ram,2500,Longhorn
Mercedes-Benz,CLA-Class,CLA2504MATIC
Toyota,Matrix,XRS
Lincoln,LS,Premium
Ford,EconolineWagon,E-150XLT
Ram,1500,Longhorn
Volvo,XC60,T6
Volvo,960,Base
chevrolet,astro,cargoawdw/yf7
Lexus,SC300,Base
Chevrolet,Impala,LTZ
Hyundai,Accent,GLS
chevrolet,2500,slv4x2rgworktruck
GMC,Acadia,SLT-2
Saturn,Relay,2
Cadillac,Eldorado,ESC
Mazda,B-SeriesPickup,B2500SE
Nissan,Murano,SL
Acura,ZDX,Base
MINI,CooperPaceman,SALL4
ford,ranger,4x2extxl
Nissan,Altima,2.5
Honda,accord,exv-6
Mercedes-Benz,M-Class,ML55AMG
Volvo,850,GLTS
BMW,3Series,335i
Audi,A3,2.0TFSIPremiumPlusquattro
Ram,2500,LaramieLonghornEdition
Mercury,MarinerHybrid,Base
Ford,Ranger,Edge
Subaru,WRX,STILaunchEdition
jeep,patriot,4x44csport
BMW,5SeriesGranTurismo,550i
MINI,CooperRoadster,S
Audi,TT,3.2quattro
Chevrolet,CaptivaSport,2LSFleet
Hyundai,Sonata,Base
Nissan,Xterra,SE
Audi,allroad,Premiumquattro
Mercedes-Benz,C-Class,C240Luxury4MATIC
Lexus,RX350,FSport
Acura,Integra,RS
BMW,X5,4.6is
ford,f150,4x2extlariat
Lincoln,TownCar,Ultimate
Nissan,Titan,SE
Mercedes-Benz,GL-Class,GL4504MATIC
chevrolet,impala,policedetective
Volkswagen,BeetleConvertible,1.8T
Buick,Lucerne,Super
Mercedes-Benz,GL-Class,GL320BlueTEC
BMW,3Series,328ixDriveSULEV
Volkswagen,BeetleConvertible,R-LinePZEV
Saab,9-2X,Aero
Volkswagen,Jetta,GLSVR6(1999.5)
Subaru,Forester,2.5XTouring
Volkswagen,Phaeton,V8
Volkswagen,Routan,SELPremium
Nissan,Frontier,S
Toyota,Sienna,XLE7-Passenger
Saab,9-3,AeroSportCombi
Dodge,GrandCaravan,SEPlus
Ford,F-250SuperDuty,XLT
Pontiac,Montana,SV6
Hyundai,SantaFeSport,Sport2.0T
Volkswagen,Jetta,SportWagenSPZEV
Mitsubishi,Diamante,VR-X
MINI,CooperRoadster,JohnCooperWorks
Chevrolet,BlackDiamondAvalanche,LS
Dodge,Journey,Crossroad
Dodge,Journey,SXT
Chevrolet,Cruze,2LT
Dodge,GrandCaravan,AmericanValuePackage
Subaru,WRX,Limited
BMW,3Series,330i
Chevrolet,Avalanche,2500
Lincoln,MKZ,Base
dodge,durango,4x4v8slt
Chevrolet,C/K3500Series,Base
Geo,Metro,LSi
FIAT,500,CAbarth
Hyundai,ElantraCoupe,GS
Mitsubishi,EclipseSpyder,GT
Jaguar,XF,XFR
Acura,TSXSportWagon,Base
ford,expeditn,el4x4limited
Mercury,Milan,Premier
Subaru,Impreza,2.5i
Porsche,Boxster,SAnniversaryEdition
jeep,gr,cher4x4v8laredo
Land Rover,LR2,Base
BMW,X5,4.4i
Hyundai,GenesisCoupe,2.0T
Toyota,Camry,SESport
Nissan,Sentra,1.8
Mitsubishi,Galant,SportEdition
dodge,dakota,4x4extslt
Porsche,Cayenne,GTS
Volkswagen,Beetle,2.0TWhiteTurboLaunchEditionPZEV
Saab,9-5,Aero
Saab,9-2X,Linear
Dodge,Challenger,SXTPlus
Ford,FocusST,Base
Isuzu,Axiom,S
Mitsubishi,Endeavor,SE
Mercedes-Benz,S-Class,S600
Chevrolet,CaptivaSport,LSFleet
Toyota,Camry,XLE
buick,regal,fwd4cbase
audi,tt,fwd4c
Jeep,Wrangler,Unlimited
audi,a6,fwd4c2.0tprm
Chevrolet,Cavalier,LS
Porsche,Cayenne,Base
Ford,ExplorerSportTrac,XLT
Acura,MDX,Touring
Ram,1500,LaramieLonghornEdition
Mercedes-Benz,R-Class,R500
Suzuki,Verona,Base
Ford,FusionHybrid,Titanium
Chevrolet,Venture,Base
chrysler,sebring,v6touring
Ford,Focus,ZTW
Mazda,3,iGrandTouring
Dodge,Intrepid,Base
GMC,Jimmy,SLE
BMW,X6,xDrive50i
mazda,cx-7,grtourawd
Toyota,Tacoma,Prerunner
Kia,Sedona,EX
Ford,Tempo,GL
Volkswagen,Jetta,GL
Cadillac,Escalade,Luxury
Mazda,Mazda6,i
Dodge,Stratus,SE
Volkswagen,Golf,GLSTDI
Subaru,Outback,2.5I
Acura,TL,3.2Premium
Volkswagen,NewBeetle,2.5LFinalEdition
Jaguar,XJ-Series,XJ8
Ford,Escape,Hybrid
Mercedes-Benz,GL-Class,GL450
Nissan,Maxima,SE
Kia,Rio,Rio5SX
plymouth,voyager,fwd
Ford,Freestyle,Limited
Honda,Accord,ValuePackage
Acura,CL,3.2Type-S
BMW,Z4,3.0i
Mazda,6,s
FIAT,500L,Easy
ford,explorer,4x4v6xls
Chevrolet,Sonic,LT
Acura,Integra,GS
Ford,Taurus,G
Suzuki,Aerio,SX
Volvo,XC70,T6
Chevrolet,Spark,LS
Chrysler,Sebring,LXi
Volkswagen,Passat,WolfsburgEditionPZEV
Chevrolet,MonteCarlo,LT
Chevrolet,Astro,Base
Mazda,Mazda5,Sport
Dodge,Journey,AmericanValuePackage
Mazda,Millenia,Premium
subaru,forester,awdl
Volkswagen,NewBeetle,TurboS
Mitsubishi,Lancer,O-ZRally
Hyundai,Accent,L
Volkswagen,Passat,GLX
Cadillac,ATS,Luxury
Mercedes-Benz,E-Class,E3204MATIC
ford,explorer,4x4v6xlt
chrysler,twn/cntry,lxlx
Isuzu,Ascender,S5Passenger
Dodge,Charger,SRT8
Bentley,ContinentalFlyingSpur,Base
Jaguar,X-Type,3.0L
Mitsubishi,LancerEvolution,MR
Nissan,Sentra,2.0SR
Ford,Fusion,SE
Audi,A6,2.0TPremiumquattro
Cadillac,STS,V6Luxury
Mercedes-Benz,400-Class,400SEL
Buick,Lucerne,CXLPremium
Jeep,Cherokee,Sport
Volkswagen,GolfR,Base
Land Rover,Freelander,SE
Mercedes-Benz,E-Class,E300D
Saab,9-5,Arc3.0t
Mercedes-Benz,M-Class,ML500
Isuzu,Trooper,Limited
Toyota,Highlander,LE
Saturn,L-Series,LW2
Honda,Element,EX-P
Honda,Accord,LXSpecialEditionPZEV
Maserati,GranTurismo,MC
BMW,7Series,750i
Suzuki,Reno,EX
Cadillac,EscaladeEXT,Luxury
Acura,Integra,GS-R
Saturn,AuraHybrid,GreenLine
Infiniti,GCoupe,G37Journey
Mazda,B-SeriesTruck,B4000
dodge,caravan,v6sport
Hyundai,Sonata,GLSSpecialValue
Honda,Fit,Sportw/Navigation
Ford,Ranger,XLT
Toyota,Camry,SEV6
Ford,Mustang,Deluxe
Dodge,Neon,Highline
Volvo,V70,3.2
Ford,Ranger,FX4LevelII
Mazda,6,iTouringPlus
Mercedes-Benz,SL-Class,SL600
Honda,Pilot,EX-Lw/RearEntertainment
Ford,Explorer,Base
Nissan,NVCargo,1500S
Ford,ExplorerSportTrac,Choice
Ford,Freestar,Limited
ford,f250,4x4crxlt
Toyota,Tundra,1794FFV
BMW,4Series,428iSULEV
BMW,3Series,328iSULEV
Toyota,Tundra,1794
Ram,3500,LaramieLonghorn
land rover,range,roversport
Volvo,C70,T5
Audi,A4,3.2PremiumPlusquattro
BMW,X5,xDrive35iPremium
Audi,A6,2.0TPremium
ford,e150,wagonv8xlt
Chevrolet,Malibu,SS
FIAT,500,CPop
Ford,Thunderbird,Premium
cadillac,srx,awdv8
Chevrolet,Express,LT3500
Kia,Forte,EX
Volkswagen,Tiguan,SEL4Motion
Suzuki,GrandVitara,Premium
Mercedes-Benz,SLK-Class,SLK280
Land Rover,RangeRoverEvoque,Pure
Dodge,SprinterCargo,3500170WB
GMC,YukonXL,Denali
Buick,Encore,Base
Chrysler,200,S
Oldsmobile,Eighty-EightRoyale,Base
Hyundai,XG300,L
Ford,Taurus,SELFleet
Toyota,T100,SR5
Dodge,GrandCaravan,Hero
Honda,Accord,EX-LV-6
Suzuki,Kizashi,SLS
Buick,Century,Special
Honda,Fit,LX
Chevrolet,Tahoe,LT2
Mercedes-Benz,CLS-Class,CLS550
Lexus,IS300,Base
Kia,Forte,KoupEX
bmw,alp,b7lwb
Volkswagen,CC,Sport
chevrolet,malibu,4cltz
buick,rainier,4x26ccxl
Suzuki,XL7,Limited
Hyundai,Accent,Blue
Dodge,GrandCaravan,Crew
Volkswagen,JettaSportWagen,TDI
Audi,A4,2.0TPremiumquattro
mazda,mazda3,gtgt
Mercury,Monterey,Luxury
Chevrolet,Equinox,LT2
Mercedes-Benz,S-Class,S400Hybrid
Land Rover,LR4,XXV
Chevrolet,Camaro,Z28
cadillac,dts,fwdw/1sh
Audi,A6,3.0quattro
gmc,sonoma,4x2sls
Subaru,Tribeca,3.6RTouring
Volkswagen,Touareg,VR6Executive
Jaguar,XJ,XJRLWB
Subaru,Forester,2.5XL.L.BeanEdition
Pontiac,G3,Base
Mazda,3,i
GMC,YukonXL,SLE
Nissan,300ZX,2+2
Mercedes-Benz,C-Class,C230
Chevrolet,Cruze,Diesel
Subaru,Legacy,OutbackLimited
ford,f250,4x4crewlariat
ford,e350,wagonv8xlt
toyota,pickup,4x4
BMW,3Series,328is
Kia,Forte,KoupSX
Volkswagen,Touareg,V6R-Line
Chevrolet,Corsica,Base
Chrysler,PTCruiser,LimitedEdition
subaru,forester,awdxs
Chevrolet,Astro,LS
Pontiac,G6,Base
Mazda,Tribute,DX-V6
Volkswagen,Passat,GLSV64Motion
Hyundai,Accent,GS
Mercedes-Benz,C-Class,C320Luxury4MATIC
dodge,neon,base
Land Rover,RangeRover,4.0S
Honda,Accord,EXPZEV
Cadillac,EscaladeESV,PlatinumEdition
Volkswagen,Tiguan,SEL
BMW,X3,3.0i
vw,routan,se
BMW,5Series,535d
jeep,cherokee,4x46cse
Volvo,S80,2.5T
Audi,Q7,4.2Prestigequattro
Jeep,GrandCherokee,Altitude
ford,crown,victoriapoliceint
Toyota,Tundra,SR5
mercury,mountaineer,awd
BMW,7Series,740Li
Honda,Accord,LX-P
Kia,Optima,SX
Ford,F-150,Harley-Davidson
Ford,TaurusX,SEL
Mercedes-Benz,E-Class,E350Sport4MATIC
Hyundai,Genesis,4.6
Dodge,SprinterCargo,3500HighRoof158WB
Subaru,Tribeca,7-Passenger
plymouth,grand,voyagerse
Volkswagen,Jetta,GL(1999.5)
BMW,6Series,640ixDrive
Volvo,V40,Base
chevrolet,1500,4x4extsilverado
Suzuki,Forenza,LX
Subaru,Tribeca,3.6RPremium
Cadillac,SRX,Luxury
BMW,X3,3.0si
Mazda,Millenia,S
Bentley,ContinentalGT,V8
BMW,3Series,328xi
Jeep,Commander,Base
dodge,b1500,ramcargo
Lexus,RC350,Base
Dodge,Dakota,ST
Dodge,Caravan,C/V
Honda,Ridgeline,Sport
Chevrolet,Venture,Plus
subaru,forester,awdx
Toyota,Tacoma,SR5
Nissan,Sentra,S
Nissan,Quest,3.5S
Buick,Lucerne,CXS
Ford,Focus,ZX5SE
Audi,A4,3
Ford,E-SeriesWagon,E-150XLT
Toyota,CamryHybrid,SE
Jeep,Patriot,Sport
Nissan,Versa,1.6SV
Cadillac,EscaladeESV,Luxury
Mercedes-Benz,190-Class,190E2.3
mazda,mpv,lx
FIAT,500L,Trekking
Chevrolet,HHR,PanelLS
lincoln,town,carsignature
chevrolet,1500,4x2extsilverado
Honda,AccordCrosstour,EX
gmc,1500,yukxl4x2slt
vw,routan,s
Chevrolet,Impala,LT
Chevrolet,Silverado1500Classic,LS
Mercury,GrandMarquis,GSConvenience
Pontiac,Montana,Base
Toyota,Camry,Base
Scion,xB,Base
Chevrolet,Express,LS1500
Nissan,Quest,SL
Volkswagen,Beetle,TurboFenderEdition
Lexus,ES350,Base
Honda,CR-V,EX-L
Volkswagen,Jetta,ValueEditionPZEV
Jaguar,X-Type,2.5
Isuzu,Ascender,S5-Passenger
Kia,Spectra,GSX
GMC,EnvoyXL,SLE
Ford,Fusion,SPORT
Mercedes-Benz,C-Class,C240
Audi,S5,quattro
GMC,SavanaCargo,1500
Chevrolet,Lumina,Base
BMW,X1,xDrive28i
Hyundai,ElantraGT,Base
BMW,6Series,650i
ford,f250,4x4exxl
jeep,gr,cherokee4x4
Audi,A4,3.2
Chevrolet,Silverado2500HD,LS
Mazda,CX-7,sGrandTouring
Chevrolet,Venture,WarnerBros.
Dodge,Stratus,SXT
Hyundai,Veracruz,GLS
Volvo,XC90,3.2
Nissan,NV,1500S
Chevrolet,Tahoe,LS
Pontiac,G5,Base
Volkswagen,Passat,TDISE
Toyota,Highlander,SE
Pontiac,Firebird,TransAm
Volkswagen,Touareg,VR6Lux
Chevrolet,CaptivaSport,1LSFleet
Acura,CL,2.2
Acura,TSX,TechnologyPackage
toyota,camry,dx
Volkswagen,Jetta,GLSWolfsburgEdition1.8T
Honda,Pilot,Touring
HUMMER,H3,Alpha
Nissan,Frontier,XE-V6
Nissan,350Z,Enthusiast
Nissan,200SX,SE
Ford,TransitConnect,WagonXLT
Dodge,Avenger,SXTPlus
Ford,Fiesta,S
Audi,Q7,3.6Premiumquattro
Jeep,Wrangler,UnlimitedSport
Toyota,Highlander,Base
Mitsubishi,i-MiEV,SE
GMC,Sierra2500HD,SL1
Cadillac,CTSCoupe,Base
Volkswagen,NewBeetle,2.5LBlushEditionPZEV
Kia,Borrego,EX
Volkswagen,Jetta,TDI
Cadillac,CTSCoupe,Premium
Audi,Q5,2.0TPremiumquattro
Ford,Focus,ZX4SE
Subaru,WRX,STI
dodge,intrepid,es
Cadillac,EscaladeHybrid,PlatinumEdition
Volvo,S60,T5
landrover,rangerover,sports/c
ford,expedition,4x2xlt
Saturn,S-Series,SC1
Toyota,RAV4,Limited
toyota,tundra,4x2v8sr5
Ford,E-SeriesWagon,E-150XL
Mercury,Sable,LS
Chrysler,Concorde,Base
Mitsubishi,MonteroSport,3.5XS
Mercury,Montego,Luxury
GMC,Sierra1500,SL2
Dodge,RamPickup1500,SLT
honda,odyssey,lx
Volkswagen,Beetle,R-LinePZEV
Dodge,SprinterCargo,3500SHCeiling158WB
Land Rover,Freelander,SE3
Lexus,IS350C,Base
Volkswagen,CC,Luxury
Toyota,PriusPlug-in,Advanced
Volvo,V50,T5R-Design
GMC,Sierra3500HD,Denali
Cadillac,ATS,Standard
Porsche,Cayenne,S
dodge tk,gr,caravnse
Infiniti,FX35,Base
Jaguar,XF,PremiumLuxury
Dodge,Journey,Mainstreet
Chrysler,300,TouringPlus
honda,ridgelin,4x4crrtl
Saturn,VUE,XR
Jeep,Wrangler,SE
Chevrolet,TrailBlazer,LT3
Jeep,Compass,Base
Nissan,Maxima,SE20thAnniversary
chevrolet,2500,slv4x2exworktruck
Mercedes-Benz,300-Class,300E
Jeep,GrandCherokee,Summit
Saturn,L-Series,L300
Toyota,Camry,CE
Saturn,VUE,Base
cadillac,sts,v8base
Suzuki,Aerio,Premium
Lincoln,Aviator,Luxury
Ford,TaurusX,EddieBauer
Ford,Edge,SELPlus
Buick,Verano,PremiumGroup
toyota,matrix,xr
nissan,pathfinder,se
Suzuki,SX4,SportS
Audi,Q5,3.0TPrestigequattro
Volvo,S80,3.2
Audi,A8,L4.2quattro
Ford,Escort,ZX2
Audi,A6,TDIPremiumPlusquattro
Chevrolet,Cruze,LS
Jeep,Wrangler,X
Subaru,Legacy,2.5iSport
Cadillac,CTSWagon,Sport
Ford,Windstar,SE
chevrolet,astro,cargo4x2yf7upfit
chevrolet,s10,4x2ext
Lincoln,Aviator,Premium
dodge,caravan,4cbase
ford,explorer,4x2edbauer
Suzuki,Aerio,SXPremium
Acura,RDX,TechnologyPackage
Ford,F-150,KingRanch
Subaru,Legacy,3.6RPremium
mercury,mountaineer,4x2
Kia,Forte,Forte5EX
Ford,FiveHundred,SEL
Maserati,GranTurismoConvertible,Base
Hyundai,Sonata,SE
Chevrolet,Silverado1500,Base
BMW,X5,xDrive35d
BMW,3Series,325Ci
Audi,A6,3.0Avantquattro
Chevrolet,Sonic,LS
Volkswagen,Golf,TSISE
Chrysler,300,Base
Nissan,Altima,GLE
Nissan,Sentra,GXE
BMW,3Series,318ti
Audi,A6,3.2Premium
Ford,Windstar,SESport
Audi,A7,TDIPrestigequattro
BMW,5Series,550i
GMC,Canyon,Z71SLE
Pontiac,G6,ValueLeader
Chevrolet,TrailBlazer,LS
Acura,RDX,SH-AWD
kia,sportage,4x4v6ex
Isuzu,i-Series,i-280S
Tesla,ModelS,Performance
BMW,X5,4.8is
Volkswagen,Jetta,SportWagenSE
Ford,E-150,Econoline
Kia,Soul,!
Mazda,Mazda5,Touring
Toyota,Yaris,Base
Dodge,RamPickup1500,Laramie
Nissan,Frontier,SC-V6
gmc,1500,sierra4x2sle
Mazda,3,sSport
Saturn,ION,2
Infiniti,G37,x
Buick,Terraza,CX
Toyota,Celica,GT-S
Ford,Explorer,XL
Saturn,L-Series,LW200
chevrolet,1500,4x2regsilverado
Saturn,ION,RedLine
Hyundai,Accent,Base
Cadillac,Eldorado,Base
ford,e350,cargocommercial
dodge,grand,caravse
toyota,tundra,4x4v8sr5
Ford,Fiesta,Titanium
Ford,Explorer,XLT
Honda,Accord,DX
gmc,1500,sierra4x2sl
Honda,Accord,SE
chevrolet,suburban,2500klt
Ford,Taurus,SEPremium
Maserati,GranTurismo,Base
toyota,sienna,le
Kia,Sorento,SX
Nissan,Cube,1.8S
dodge,stratus,v6se
Mazda,626,ES
Toyota,Tercel,CE
dodge,ram,15004x2
GMC,SafariCargo,SL
nissan,x-trail,le
Cadillac,DeVille,DTS
Land Rover,RangeRoverEvoque,PurePlus
Dodge,Dart,SE
Infiniti,M35,Base
Volkswagen,Passat,Komfort
GMC,YukonHybrid,Base
Nissan,Xterra,XE
Volvo,XC60,3.2PremierPlus
Chevrolet,Cobalt,Sport
Ford,F-350SuperDuty,Lariat
Subaru,Forester,2.5XTPremium
Lincoln,MarkVIII,Base
Cadillac,ELR,Base
Oldsmobile,CutlassCiera,S
Kia,Optima,EXHybrid
Toyota,Tundra,Platinum
dodge,journey,awdv6r/t
BMW,5Series,ActiveHybrid5
Acura,MDX,TechnologyandEntertainmentPackages
Toyota,Prius,II
gmc,sr,1500awdcrdenali
Maserati,GranSport,Base
Toyota,Sienna,LE8-Passenger
Chrysler,300,CJohnVarvatosLuxury
Chrysler,TownandCountry,LXi
Toyota,Highlander,Limited
Mitsubishi,EclipseSpyder,GS-Sport
Chrysler,300,Limited
Porsche,Cayenne,SHybrid
Infiniti,J30,Base
Hyundai,SonataHybrid,Limited
Toyota,LandCruiser,Base
Nissan,Cube,1.8SL
Toyota,Tundra,SR5FFV
Toyota,Camry,LEV6
Chevrolet,Aveo,Aveo5LS
Jaguar,S-Type,4
BMW,3Series,320ixDrive
Chevrolet,malibu,ls
Ford,Edge,SEFleet
GMC,Yukon,Denali
Chevrolet,Caprice,Classic
BMW,5Series,535xi
Mercedes-Benz,SLK-Class,SLK320
Toyota,Prius,Touring
Honda,Civic,HX
Isuzu,i-Series,i-290S
Hyundai,Sonata,Eco
Mazda,MPV,DX
Land Rover,LR4,V8
BMW,X6,xDrive35i
Rolls-Royce,Ghost,EWB
Toyota,Highlander,XLE
Subaru,Legacy,2.5iPremium
Honda,Ridgeline,RT
Chevrolet,Silverado1500,LTZ
Mercedes-Benz,CL-Class,CL5504MATIC
Isuzu,Amigo,S
Saturn,S-Series,SL2
Toyota,Tacoma,V6
smart,fortwo,passioncabrio
dodge,magnum,4x2v6
chevrolet,venture,fwdextbase
Ford,F-150,XL
Mazda,Mazda3,sGrandTouring
Audi,A3,3.2quattro
Mazda,CX-7,iTouring
Jeep,Commander,Overland
BMW,3Series,325i
Ford,Focus,ZTS
Volkswagen,CC,LuxPZEV
Mercedes-Benz,C-Class,C300Luxury4MATIC
Ford,Expedition,ELXL
Chevrolet,MonteCarlo,LS
Suzuki,Kizashi,SportSLS
Mercedes-Benz,E-Class,E320BLUETEC
Dodge,SprinterCargo,2500170WB
Volkswagen,Jetta,ValueEdition
Cadillac,ATS,Performance
Ford,Ranger,S
Nissan,Pathfinder,SE
hyundai,santa,fe
kia,optima,lx
Audi,S7,quattro
Nissan,NV,2500S
Mercedes-Benz,M-Class,ML3504MATIC
Mazda,Tribute,LX-V6
Audi,A4,1.8Tquattro
Lincoln,MarkVIII,LSC
ford,f150,4x4extlariat
Mitsubishi,Lancer,ES
Chevrolet,Silverado1500,LT3
Nissan,MuranoCrossCabriolet,Base
Ford,Freestar,SEL
Mercedes-Benz,GL-Class,GL5504MATIC
Mazda,Tribute,sGrandTouring
Nissan,Murano,SV
Nissan,Sentra,2.0S
Ford,Ranger,XLTValue
Mazda,Tribute,iTouring
Honda,Pilot,SpecialEdition
Volkswagen,JettaSportWagen,S
Chrysler,300,SV6
Ford,Thunderbird,Deluxe
Ford,Escape,SEL
GMC,YukonXL,1500SLE
Ford,Edge,Limited
Chevrolet,Silverado2500HDClassic,LT1
BMW,M6GranCoupe,Base
Chevrolet,SS,Base
Ford,F-150,FX4
Suzuki,SX4,Crossover
Ford,TransitVan,250HighRoof
Volkswagen,Jetta,2.5
Infiniti,M,M35h
mazda,cx-7,sport
Land Rover,Freelander,HSE
Volkswagen,GolfGTI,SE
Chevrolet,Silverado1500,SS
Land Rover,Discovery,LE
Dodge,Challenger,SRT8Core
Infiniti,GSedan,G37x
Toyota,PriusPlug-in,Base
Audi,S4,quattro
BMW,X5,3.0i
Audi,S4,Avantquattro
Mercedes-Benz,M-Class,ML350BlueTEC
Dodge,GrandCaravan,eL
ford,police,streetapp
Cadillac,CTS,Premium
Kia,Spectra,EX
Volkswagen,Golf,2.5LPZEV
Chrysler,Aspen,Limited
Infiniti,M45,Sport
Volkswagen,GTI,Driver'sEditionPZEV
subaru,forester,awdxt
Dodge,SprinterCargo,3500HighRoof140WB
FIAT,500L,Pop
Mercedes-Benz,E-Class,E4304MATIC
Nissan,Sentra,SV
Ford,Taurus,SES
Honda,Ridgeline,SEw/LeatherandNavigation
Infiniti,I30,Base
Mitsubishi,Lancer,SE
Nissan,Xterra,SES/C
Mazda,6,sSportValueEdition
Volkswagen,NewBeetle,Bi-ColorEdition
Nissan,Pathfinder,SEOff-Road
Oldsmobile,Aurora,Base
Ford,Fusion,Hybrid
Acura,MDX,AdvanceandEntertainmentPackages
Volvo,850,GLT
Chevrolet,C/K2500Series,Silverado
landrover,range,roverhse
Honda,Accord,LXSpecialEdition
chevrolet,g3500,cargo4x2
Chevrolet,Venture,LS
GMC,YukonXL,SLT
Cadillac,DeVille,Base
Dodge,GrandCaravan,Mainstreet
Chrysler,PTCruiser,GT
Ford,EconolineCargo,E-150
Volkswagen,Touareg,TDIExecutive
Ford,Taurus,GL
Mercedes-Benz,CLA-Class,CLA250
Infiniti,G35,Sport
Pontiac,GrandPrix,GT2
Buick,LaCrosse,PremiumIGroup
Mercedes-Benz,SL-Class,SL550
Mazda,Mazdaspeed3,Sport
Ford,C-MaxHybrid,SE
vw,beetle,4c1.8t
Mercedes-Benz,M-Class,ML430
Volkswagen,BeetleConvertible,Turbo60'sEdition
Oldsmobile,Aurora,4
Chevrolet,CaptivaSport,LTZFleet
Mercedes-Benz,C-Class,C230Kompressor
Nissan,Quest,3.5
Hyundai,Sonata,GLV6
Cadillac,XTS,VsportPlatinum
Nissan,Leaf,S
Mazda,B-SeriesPickup,B2300
Aston Martin,V8Vantage,Base
Oldsmobile,Silhouette,GL
Hyundai,Elantra,Blue
BMW,3SeriesGranTurismo,328ixDrive
Mercedes-Benz,E-Class,E350Luxury
Audi,A6,3.0Tquattro
Jaguar,F-TYPE,R
Infiniti,Q60Convertible,Base
Ford,F-350SuperDuty,KingRanch
vw,jetta,glstdi
Suzuki,GrandVitara,LX
GMC,Canyon,Z85SLE
Land Rover,RangeRover,AutobiographyLWB
Chevrolet,Spark,2LT
Jeep,Liberty,RockyMountain
Hyundai,SonataHybrid,Base
Subaru,Legacy,2.5iPZEV
Porsche,Panamera,GTS
Nissan,Pathfinder,SV
Chrysler,200,LX
chrysler,pacifica,fwdv6touring
Volkswagen,Tiguan,R-Line
Chevrolet,Tracker,LT
honda,pilot,4x4lx
Suzuki,Aerio,LX
Volkswagen,Tiguan,SE
Chevrolet,Silverado2500HD,LT1
Acura,TSX,SpecialEdition
Ford,ExpeditionEL,Limited
Volvo,XC60,T5Drive-EPremier
Chevrolet,Silverado1500,LT1
ford,ranger,4x2reg
Volkswagen,Touareg,V10TDI
Mazda,6,iGrandTouring
Audi,Q7,4.2Premiumquattro
BMW,6Series,650ixDrive
land rover,range,roverhse
Nissan,Armada,SEOff-Road
chrysler,sebring,v6lx
MINI,CooperCoupe,Base
Volvo,S70,GLT
Pontiac,Torrent,Base
Mazda,3,iTouring
Mercedes-Benz,M-Class,ML320
Audi,Q5,3.2Premiumquattro
chrysler,pacifica,fwdv6
Dodge,Challenger,SRT8
Volkswagen,GTI,WolfsburgEdition
BMW,5Series,530i
Subaru,Outback,2.5iLimitedPZEV
Audi,S8,quattro
Buick,Rainier,CXL
mazda,cx-7,touringawd
Kia,Sportage,EX
subaru,forester,awdxpremium
Pontiac,Sunfire,Base
Chevrolet,HHR,SS
Honda,Ridgeline,RTL
Toyota,Sienna,L7-Passenger
Lexus,CT200h,Base
Infiniti,M,M56
Chevrolet,Malibu,Fleet
Buick,Regal,Premium2Turbo
Cadillac,Escalade,PlatinumEdition
Lincoln,TownCar,SignatureLimited
Ford,Mustang,V6
Chevrolet,Silverado1500,LS2
Volvo,V70,Base
Hyundai,Elantra,Sport
Chevrolet,Traverse,LTZ
dodge,durango,4x2v8slt
Kia,Spectra,LS
Dodge,Dart,GT
Audi,A3,2.0TPremium
Saturn,VUE,RedLine
Audi,TT,2.0Tquattro
BMW,X5,xDrive50i
Volvo,V50,T5
Tesla,ModelS,60
Chevrolet,Silverado1500,Z71LT
jeep,wrangler,4x46csport
Chevrolet,Tahoe,Fleet
Buick,Enclave,CXL2
chrysler,concorde,lxi
Audi,TT,2.0T
Hyundai,Tiburon,SE
GMC,Sierra1500Classic,SLE1
Ford,ExplorerSport,XLT
Buick,LaCrosse,PremiumIIGroup
buick,regal,fwd4c
Dodge,GrandCaravan,EX
Mercedes-Benz,E-Class,E320CDI
Ford,Windstar,LX
Infiniti,Q50,HybridSport
Infiniti,G37Coupe,x
Hyundai,Elantra,GLSPZEV
Ford,Expedition,ELXLT
ford,explorer,awdv8edbauer
Ram,2500,PowerWagon
Hyundai,Veloster,RE:MIX
Jeep,GrandCherokee,Limited
Chevrolet,Express,1500
GMC,Sierra2500HD,SLT
Volkswagen,Touareg,TDISport
Hyundai,SantaFe,Limited
Chevrolet,Equinox,LS
Volkswagen,NewBeetle,GL1.8T
Mercedes-Benz,GLK-Class,GLK250BlueTEC4MATIC
Mercedes-Benz,E-Class,E320BlueTEC
Kia,Sephia,LS
GMC,Acadia,Denali
Mitsubishi,LancerSportback,ES
Ford,Explorer,NBX
HUMMER,H2,Base
Mercedes-Benz,M-Class,ML320CDI
Cadillac,CTSWagon,Performance
Chevrolet,Malibu,Eco
Suzuki,GrandVitara,JLS
ford,f250,4x4crewxlt
Honda,Fit,Base
Hyundai,ElantraTouring,SE
BMW,6SeriesGranCoupe,640i
Ford,F-250SuperDuty,FX4
Dodge,RamPickup1500,WS
Honda,Crosstour,EX
Mazda,Truck,B2300
Mercedes-Benz,E-Class,E63AMG
Chevrolet,HHR,LS
Cadillac,DeVille,DHS
Audi,A4,2.0TAvantquattro
Mitsubishi,Lancer,GTS
Volvo,S40,Base
Acura,CL,2.3Premium
Toyota,Corolla,DX
Mercury,Mariner,Premier
Chevrolet,MalibuClassic,LSFleet
Chevrolet,Tahoe,Base
Audi,A4,2.0TPremiumPlus
Nissan,NV,1500SV
ford,e350,clubwagonxl
Volkswagen,CC,VR6Sport
Volkswagen,NewBeetle,Base
Volkswagen,NewBeetle,TripleWhitePZEV
Volvo,S60,T5SpecialEdition
Chevrolet,Caprice,Base
Audi,allroadquattro,Base
Ford,Expedition,ELLimited
GMC,YukonXL,2500SLE
Chevrolet,Colorado,Z71LS
Lexus,RX300,Base
Subaru,Legacy,LSi
Chevrolet,Silverado2500HD,LTZ
Audi,A4,2.0Tquattro
Volkswagen,NewBeetle,DarkFlintEdition
Nissan,GT-R,Base
Acura,Integra,LS
GMC,SavanaCargo,G3500
Hyundai,Azera,Base
Suzuki,Forenza,EX
Volvo,S60,2.4T
Oldsmobile,Alero,GL2
Honda,Accord,SpecialEditionV-6
Nissan,RogueSelect,S
Audi,Q7,3.0TPremiumPlusquattro
Dodge,Challenger,SRT8392
Maserati,Quattroporte,S
Toyota,Highlander,Plus
Volvo,V70,2.4M
Jeep,Wrangler,UnlimitedFreedomEdition
Lincoln,LS,Base
dodge,grand,caravfwdsport
Mercedes-Benz,Sprinter,2500170WBCargo
BMW,4Series,428ixDrive
Volkswagen,NewBeetle,2.5LPZEV
Nissan,Sentra,1.8S
Pontiac,Montana,MontanaVision
Lexus,RX330,Base
Ram,1500,R/T
Kia,Amanti,Base
Suzuki,SX4,Sport
Chevrolet,Aveo,1LT
Chevrolet,Malibu,LT2
Subaru,Forester,2.5XPremiumPackage
Cadillac,XTS,Premium
Lexus,GS300,Base
GMC,Sierra1500HD,SLE
Ford,Mustang,SVTCobra
Chevrolet,Traverse,LT2
Saturn,S-Series,SC2
Mercury,GrandMarquis,LSUltimate
Honda,CivicdelSol,S
Toyota,CamryHybrid,XLE
GMC,Sierra1500Classic,SL2
Ford,Focus,ZX3S
Nissan,Sentra,SE-RSpecV
Mercury,Mountaineer,Luxury
bmw,750i,xdr750ixdriv
Dodge,Durango,Limited
porsche,911,carrera4x2carrera2
ford,escape,4x4v6xltpop2
Ford,Expedition,SSVFleet
ford,focus,se
Land Rover,RangeRover,SuperchargedLWB
Hyundai,XG300,Base
BMW,X3,xDrive28i
GMC,Yukon,SLT
Chevrolet,Impala,LT2
BMW,7Series,740LdxDrive
Chevrolet,Aveo,SpecialValue
Volvo,V60,T5Drive-E
Hyundai,Tucson,Limited
Dodge,Charger,SRT8Superbee
BMW,5Series,550ixDrive
Mercury,Cougar,XR7
Subaru,Outback,VDC
Audi,A4,1.8T
Dodge,Neon,R/T
Mazda,Tribute,i
Toyota,Camry,SE
Volkswagen,GTI,AutobahnPZEV
Volkswagen,NewBeetle,2.5LRedRockEditionPZEV
Buick,Enclave,CXL
Infiniti,GSedan,G25
pontiac,vibe,fwd4cgt
Subaru,Tribeca,3.6RLimited
Chevrolet,Avalanche,LT1
Volkswagen,GLI,PZEV
Chrysler,Pacifica,LX
Chevrolet,TrailBlazer,LT
Dodge,Dakota,SLT
Cadillac,Seville,SLS
Oldsmobile,Alero,GLS
mazda,tribute,4wdi
Ford,Edge,SE
Mazda,Mazda3,sTouring
Hyundai,ElantraCoupe,SE
Lincoln,Navigator,Base
Chevrolet,Colorado,LT2
Isuzu,Ascender,LS5Passenger
Plymouth,Neon,Style
Nissan,Altima,3.5S
Jaguar,XJ,XJR
Pontiac,Sunfire,SE
Ford,Expedition,XLTFX4
Cadillac,CTSWagon,Luxury
Dodge,RamPickup2500,ST
gmc,1500,sierra4x2slt
BMW,3Series,ActiveHybrid3
Volkswagen,Beetle,1.8TClassic
Toyota,Prius,Three
Chrysler,Pacifica,Base
Audi,A4,2.0TAvantPremiumquattro
Cadillac,STS,V6LuxurySport
ford,f150,4x4exstx
Audi,allroad,PremiumPlusquattro
Oldsmobile,Achieva,SL
Honda,CR-V,EX
BMW,7Series,750Li
mercury,grand,marquisgs
Volkswagen,Jetta,S
Jaguar,XJ,Supercharged
Volkswagen,Eos,SportSULEV
porsche,911,4x2carrera
Cadillac,STS,V6
Hyundai,Sonata,GL
Land Rover,RangeRoverSport,Luxury
Chrysler,Sebring,GTC
mercury,mountnr,awdv8
Audi,TT,2.0TPremiumPlusquattro
Ford,ExplorerSport,Value
Volkswagen,CC,LuxLimited
Mazda,MX-5Miata,Base
Mercedes-Benz,CLK-Class,CLK550
gmc,savana,comm
Hyundai,Genesis,5.0R-Spec
Mitsubishi,Eclipse,GS
audi,a4,awd2.0tpres
volkswagen,golf,city2
Hyundai,SantaFe,GL
bmw,7,series
Volkswagen,Passat,GLS1.8T
Chevrolet,Colorado,WorkTruck
Honda,Ridgeline,RTX
Volvo,XC60,3.2R-Design
Nissan,Altima,2.5S
dodge,sprinter,2500
Scion,FR-S,Base
BMW,4SeriesGranCoupe,428ixDriveSULEV
Kia,Sedona,LX
pontiac,vibe,awd4c
Chevrolet,Silverado3500HD,LTZ
Subaru,Impreza,2.0i
Buick,LaCrosse,ConvenienceGroup
Mercedes-Benz,R-Class,R320CDI
BMW,i8,Base
Dodge,Caliber,SEFleet
Volkswagen,GTI,VR6
Chevrolet,Suburban,LS1500
Honda,Accord,LXV6
Subaru,Impreza,2.0iPremiumPZEV
Ford,TransitConnect,WagonXLTSWB
Nissan,Armada,Titanium
Hyundai,Sonata,Sport
BMW,3SeriesGranTurismo,328ixDriveSULEV
Volkswagen,Beetle,1.8T
Chevrolet,ExpressCargo,2500
mazda,mazda5,grtr
Acura,TL,AdvancePackage
Ford,Mustang,V6Premium
Volkswagen,Cabrio,GL
Chevrolet,Impala,50thAnniversary
